-- phpMyAdmin SQL Dump
-- version 5.2.1
-- https://www.phpmyadmin.net/
--
-- Host: localhost
-- Generation Time: Nov 02, 2025 at 05:29 PM
-- Server version: 8.0.39
-- PHP Version: 8.2.27

SET SQL_MODE = "NO_AUTO_VALUE_ON_ZERO";
START TRANSACTION;
SET time_zone = "+00:00";


/*!40101 SET @OLD_CHARACTER_SET_CLIENT=@@CHARACTER_SET_CLIENT */;
/*!40101 SET @OLD_CHARACTER_SET_RESULTS=@@CHARACTER_SET_RESULTS */;
/*!40101 SET @OLD_COLLATION_CONNECTION=@@COLLATION_CONNECTION */;
/*!40101 SET NAMES utf8mb4 */;

--
-- Database: `tes_tour`
--

-- --------------------------------------------------------

--
-- Table structure for table `admins`
--

CREATE TABLE `admins` (
  `admin_id` int NOT NULL,
  `admin_level` varchar(50) COLLATE utf8mb4_general_ci NOT NULL,
  `hire_date` date DEFAULT NULL
) ENGINE=InnoDB DEFAULT CHARSET=utf8mb4 COLLATE=utf8mb4_general_ci;

--
-- Dumping data for table `admins`
--

INSERT INTO `admins` (`admin_id`, `admin_level`, `hire_date`) VALUES
(3, 'admin', NULL);

-- --------------------------------------------------------

--
-- Table structure for table `bookings`
--

CREATE TABLE `bookings` (
  `booking_id` int NOT NULL,
  `user_id` int NOT NULL,
  `tour_id` int DEFAULT NULL,
  `vehicle_id` int DEFAULT NULL,
  `start_date` date NOT NULL,
  `end_date` date NOT NULL,
  `total_price` decimal(10,2) NOT NULL,
  `booking_date` datetime DEFAULT CURRENT_TIMESTAMP,
  `status` varchar(20) COLLATE utf8mb4_general_ci DEFAULT 'pending',
  `number_of_people` int DEFAULT NULL,
  `driver_id` int DEFAULT NULL,
  `tour_guide_id` int DEFAULT NULL,
  `id_picture` varchar(255) COLLATE utf8mb4_general_ci DEFAULT NULL
) ENGINE=InnoDB DEFAULT CHARSET=utf8mb4 COLLATE=utf8mb4_general_ci;

--
-- Dumping data for table `bookings`
--

INSERT INTO `bookings` (`booking_id`, `user_id`, `tour_id`, `vehicle_id`, `start_date`, `end_date`, `total_price`, `booking_date`, `status`, `number_of_people`, `driver_id`, `tour_guide_id`, `id_picture`) VALUES
(1, 2, 7, NULL, '2025-10-17', '2025-10-25', 1440.02, '2025-10-16 03:53:44', 'pending', 2, NULL, 14, NULL),
(2, 2, 7, NULL, '2025-10-22', '2025-10-29', 720.01, '2025-10-19 23:57:20', 'pending', 1, NULL, 14, NULL),
(3, 2, 7, NULL, '2025-10-22', '2025-11-03', 1440.00, '2025-10-20 01:22:26', 'pending', 2, NULL, 14, NULL),
(4, 2, NULL, NULL, '2025-10-21', '2025-10-29', 10000.00, '2025-10-20 01:26:37', 'pending', 4, NULL, NULL, NULL),
(5, 2, 7, NULL, '2025-10-21', '2025-10-22', 1440.00, '2025-10-20 01:43:22', 'pending', 2, NULL, 14, NULL),
(6, 2, 1, NULL, '2025-10-22', '2025-11-06', 7596.02, '2025-10-20 01:58:24', 'pending', 4, NULL, 14, NULL),
(7, 15, 1, NULL, '2025-10-23', '2025-11-06', 5697.01, '2025-10-22 10:02:53', 'pending', 3, NULL, 14, NULL),
(8, 15, 5, NULL, '2025-10-31', '2025-11-05', 2997.01, '2025-10-22 10:13:02', 'pending', 3, NULL, 14, NULL),
(9, 15, 2, 10, '2025-10-30', '2025-11-08', 1499.00, '2025-10-22 16:20:57', 'pending', 1, 6, NULL, NULL),
(10, 19, 13, 11, '2025-11-01', '2025-11-02', 70.00, '2025-10-31 11:14:43', 'pending', 1, 7, 14, '[\"/uploads/id-pictures/1761898482479-0-photo_2025-08-22_23-15-14.jpg\",\"/uploads/id-pictures/1761898482487-1-photo_2025-08-22_23-15-12.jpg\",\"/uploads/id-pictures/1761898482508-2-photo_2025-08-22_23-15-10.jpg\"]'),
(11, 19, 2, 10, '2025-11-01', '2025-11-02', 1499.00, '2025-10-31 11:17:44', 'pending', 1, 6, NULL, '[\"/uploads/id-pictures/1761898664581-0-photo_2025-08-22_23-15-08.jpg\",\"/uploads/id-pictures/1761898664590-1-photo_2025-08-22_23-15-05.jpg\",\"/uploads/id-pictures/1761898664617-2-photo_2025-08-22_23-14-56.jpg\"]'),
(12, 19, 2, 19, '2025-11-01', '2025-11-02', 1499.01, '2025-10-31 14:00:44', 'pending', 1, 24, 27, '[\"/uploads/id-pictures/1761908443718-0-photo_2025-08-22_23-15-05.jpg\",\"/uploads/id-pictures/1761908443743-1-photo_2025-08-22_23-15-14.jpg\",\"/uploads/id-pictures/1761908443792-2-photo_2025-08-22_23-15-12.jpg\"]'),
(13, 26, 13, 11, '2025-11-01', '2025-11-02', 70.00, '2025-10-31 15:04:20', 'pending', 1, 24, NULL, '[\"/uploads/id-pictures/1761912259553-0-photo_2025-08-22_23-14-56.jpg\",\"/uploads/id-pictures/1761912259578-1-photo_2025-08-22_23-15-05.jpg\",\"/uploads/id-pictures/1761912259603-2-photo_2025-08-22_23-15-08.jpg\"]');

-- --------------------------------------------------------

--
-- Table structure for table `customer`
--

CREATE TABLE `customer` (
  `custrid` int NOT NULL,
  `birthdate` date DEFAULT NULL
) ENGINE=InnoDB DEFAULT CHARSET=utf8mb4 COLLATE=utf8mb4_general_ci;

--
-- Dumping data for table `customer`
--

INSERT INTO `customer` (`custrid`, `birthdate`) VALUES
(26, '2006-01-25');

-- --------------------------------------------------------

--
-- Table structure for table `customers`
--

CREATE TABLE `customers` (
  `customer_id` int NOT NULL,
  `address` varchar(255) COLLATE utf8mb4_general_ci DEFAULT NULL,
  `date_of_birth` date DEFAULT NULL
) ENGINE=InnoDB DEFAULT CHARSET=utf8mb4 COLLATE=utf8mb4_general_ci;

--
-- Dumping data for table `customers`
--

INSERT INTO `customers` (`customer_id`, `address`, `date_of_birth`) VALUES
(25, 'n/f/l', '2006-06-21');

-- --------------------------------------------------------

--
-- Table structure for table `drivers`
--

CREATE TABLE `drivers` (
  `driver_id` int NOT NULL,
  `license_number` varchar(50) COLLATE utf8mb4_general_ci NOT NULL,
  `vehicle_type` varchar(50) COLLATE utf8mb4_general_ci DEFAULT NULL,
  `rating` decimal(2,1) DEFAULT '0.0',
  `picture` text COLLATE utf8mb4_general_ci
) ENGINE=InnoDB DEFAULT CHARSET=utf8mb4 COLLATE=utf8mb4_general_ci;

--
-- Dumping data for table `drivers`
--

INSERT INTO `drivers` (`driver_id`, `license_number`, `vehicle_type`, `rating`, `picture`) VALUES
(1, 'DL12345', 'Sedan', 4.8, NULL),
(2, 'DL12346', 'Van', 4.6, NULL),
(3, 'DL12347', 'Pickup', 4.7, NULL),
(4, 'DL12348', 'Hatchback', 4.5, NULL),
(5, 'DL12349', 'Truck', 4.9, NULL),
(6, 'DL12350', 'SUV', 4.3, NULL),
(7, 'DL12351', 'Sedan', 4.7, NULL),
(8, 'DL12352', 'Van', 4.4, NULL),
(9, '1223445667', 'suv', 4.2, NULL),
(10, 'edfghjkjhgf', 'suv', 4.1, NULL);
INSERT INTO `drivers` (`driver_id`, `license_number`, `vehicle_type`, `rating`, `picture`) VALUES
(24, 'gh568', 'suv', 0.0, 'data:image/jpeg;base64,/9j/4AAQSkZJRgABAQAAAQABAAD/2wBDAAkGBwgHBgkIBwgKCgkLDRYPDQwMDRsUFRAWIB0iIiAdHx8kKDQsJCYxJx8fLT0tMTU3Ojo6Iys/RD84QzQ5Ojf/2wBDAQoKCg0MDRoPDxo3JR8lNzc3Nzc3Nzc3Nzc3Nzc3Nzc3Nzc3Nzc3Nzc3Nzc3Nzc3Nzc3Nzc3Nzc3Nzc3Nzc3Nzf/wgARCAUAA8ADASIAAhEBAxEB/8QAGwAAAgMBAQEAAAAAAAAAAAAAAAECAwQFBgf/xAAaAQEBAQEBAQEAAAAAAAAAAAAAAQIDBAUG/9oADAMBAAIQAxAAAAHaC49WJgmgAKq9GVNZCdoAAAAAAAAAAAAAAAADQA0Awx6KLUuE1QAAxAAAAAAAAAAhoABDQADzacqWW12WoaAAAEEAACABMEAIaACwAhDQBErStJAAAAAIaoAAYhghghhEkECYagM0ABMEAGfRWQvy6UYCgAAUAAAAADQAAAAAwAAAAyzi0vaFABoAAAABoAAAQBDQAAACoAWa+izRJMQCgAAIJoABDQAAgQAENUAABCrsoovqtgAEAAAAKhgAAAgBQBAAAC6gJQAAATIQMyXRhZpAlAAAAAAKABoYgAAAGJiGgGhmdTrTSDVDBAAAAAAAACaQAAAAAQAAV1WQrQAIBQBAAQAAACAAE0gBQmQgAAIUzVXAQACGgAABQBAAAAAoAgAAA1DM6QykAAAJkQzbMtl8qbpQAAAAAAAdCGIAABggAAAACum/OmsAYgAaoYIAAAAQQAAAAACAAApQ6uABNAAAAgAAABEACaAAQ0AAJ1ldtd9IagAAAQwQAAAAAAAABQBAAawM6AKEwQAABTcozacuiyQyVDBDBDKAIAKQ0DTATAAQwQ0iy7MholCYNADQNAAA0AAIAAAAAAE0ABmtqvqQAIAAAAE0AAACGkABAAmCBhntpqywIAAAENAAAAhoAAAAAAKAIAgbgJoAAAE0AAARnc6LNYmoAAAAAAAAACYAAAAAIABl1ZydlNwAAADQAwQAAAAIAAAABMEnEz6s2mgAQAAAACYIAAAARAAmCAAAqUbqkBAAqGgABMENACQGCGCGCGqAIVTlW4DOgAAATBAABIZdVI7c+igBQAAAAAAAAAABAAAAACi+ohfRoEMAAAQwQ00AAACAAAAAAFXbTUNFNwAAAIaAABAAIAAACaoAAAULKBXwsEMlQ0AAJgJoABDBA0QAAABRCVI7UzWBnQBAACYICgBCMiMmnPZVwAApWJoAABQAAAAAAAAABXZEz6cusTAQwQwABDQAAAIaAaoAgACi/PUrYWCAABUAgAIYIaABACgAEwQBGmxFoyVDBDBAAmCGCAEMEAgACZSCJCULQANZSZtxSRcUhcqxbCBZMgEyDK6785qdcxoYJkAAAUAAAAAAAAAAJsxa816TAUAAAAAABNABQAAAhoAAzaMxfNMQ0AAJggAAAAQ1YAAAAAJwKrq7wGSoYIYRJBEkhDCIwSYiGCTBAUqZMkNAAYDKSazIGwxBueAOhLmh1JcuxenLBcaUrYrZoXOaAoLwoLyKC8KS5VW5hBsEAMiEysLSpEba0aHnDQZw0GcNBnDQZw0GcLygLygq8pC0qC0qY6ZwTSVtZqISIhIiDEDEDEwQIA6TBQAKbqUnaSVEyIEwgTCCsCCmEFMIEggSCBJEVJIoToC1OgAQBiWyGWVaY1nWgTMtkjnrpTXlHXkceXZ5dk9fL1S7LaJy3gABABQBDE6ABMAAAAAAAKRxLwAaBoAAAAEwQ0IZUSSIqYQUwpG0CwWssCotCkuChaEULQFC0Bnd4Z3eFBeVQ7wpjZQmm7rTl5D6hLzF0qjEaZ2ZDYS4zXEyK4KTQGdX1lSjCycc9Cak1UypFxQjQZwzVdqEcivspONT3a64L67THdO1Y3V0nRrq0y8W9V2dG7FtzdDqtUAAAABiBgAAAAAAAABXXbTWkCAAAAAAAAAApDQJggBNMonXdYwJQaAAABAAAAAAUAAxgpRMvc4fsrm4DWQAAAAAAAAAAAAAT55xMKsxtVRxl1FFaXxqCx1B6cybJqMlEsjGQyMS6A0WDfA5erm67NHL7PKLdnN2S69OW+WYEAFAANMAAAAAAAAAAWbVlrUJwAADAAQ0AAAUhoAATBKUCjRTfYmEomCAAAQ0AFAAAAwBjCuec63fy6tYALAAAAAAAAAAAAACHjunzM6M88EsbqulY4xzGmOKuOhHkM7ls80uyMksJRRdWSgYDjbCzl0dXj2dCEdUvG2ZrU6Fma6XUJqAAAAAwAAAAAAAAAeXTnLpQmDTAAAAApAAAAAhoAAhOshfTagAoAIaAAAKTEDEDAAYSQIz95Osw3gAAAAAAAAAAAAAMOzyMtEp5M6pzS0WaAxgLoGDP22cGfbKlCvTjVN1NglKMNNDaRNpBzuhGzn6899lWTp4Yu0Zr1vtz6JQAAAAGAAAAAAAAABTdVRdReAEAFAAACGgAAAEwQAV2VIWwmIaUAAAQAAUACYAAMGNOsl6vid3WQC5AAAAAAAAAAAADGczlQsxuvDZRY98aynJPeW3wiSgIJCWc3XlZC2EohAJEnBFhWi2VADHZPFurM9kbB6c85bgAaAaBiYAAAAAAAAFdkaq0ZtAxOACgAAATQAAAAAJoKbqLLZBKACAAAE1QAAAAAANqQqLrT0N4b5gAAAAAAAAAAAAEfI9TjZ1ZmtxRRrp3VDDppqW6JApwlCASV8CamZtUbYlKuiVFkSIRJOATdbJutk5VhZOhF7y3prINZEWMTAAYAAAAAAAAmGbTk12DTUAAAAATBAAACaAAVNtdlwEomgAoAAAQAAAADTAcUq9L5319jA1kAAAAAAAAAAADNo8hLTa4Z1Rl0zsTlFarZgnWo2Z6yWy3NIvokWa6rqc25QmIAAUNACYRUyoEyIEyoEwhC+JRbTqK1aFRaFRaFRcFJcFJcFLtCl2hUWhmnG6yt2i1FoVlgVliIOQRGgBEiIkiAOKdWECJlYTIKrHUFhWi0qC0qRcVBa6QuzTB+k89ad44aO6cFJ6GfnJHoX54PQnnEelfmQ9MeXhXq35KJ1eLXergKJxdMSUAmQRYVhY6gtdIXFV9bEGbnvjAtAhDQAACGJgJgBQADQZ7oouEwAAAGmAIYAAAAABTOJZaArAAAAATQAACAAAZTOu2xggABNAAAAAAAAAAiq2q8k4MkRCTgE3AJkAkRJZESpKIji6RScipWhSrgoWgMxpDMaUZzQGd3hQXhcIzXRchSz3jQABAgBopiIYnQAAAZtNBe67AAAAGgYIYgYmAACCEZQsvAUaBiYAAgAAE0AAAim+m6wTQAgAAAAAAAAAArnSTsAAAABoGIGJgAAgYgVcbhoAAEAAAAAACYIaGio1AZoAVq3OXiYAQgKAIAKABiBiYRkFF+bQSEwAAAAAAAAGgABUaclmsBQAAAaAAENAAAFEZQSNtdgJoE0AAAAAAAAAAQirEkAoCAAAAAGJgAAmFU6ycgAAAAAENAAAwQwQ6iNhIsE80ACLCi+pliaAAAAAAAAAABoKpTzmkAYmAAAAAAAAAAPJry2aXGSgAAAAAAIAAQAohOsLISAAABDQACYAAAAJwIXVzQAUAAAAAAoAAAArFbCYAQAAAAAAAAAABAjJWAAIsM2ssRBWBXXoiQI3EFYFbmiJIItghoGgYglnuiTlmtLCsLSoLSsLCsLCsLCsLCsq3POCWTpkWlTWwrZMgiwgEiISIlkhA6rKi0AAAAAEAAAAAAAVTikxq0GoAKAAAAAAAAFWrUYCgAAxDIQ0AwQwAiKJaCYIYMDFAAAAFVbszl4AAAAAAAAAAAAGfRVJLAFAAAGIGAAFAAV2QSNtNwAKAxDEiSQlIIqZUCTK4WwRkxaywKywKyYkFYFZYFZYFZYisdhUWhUWBWWBUWorLArLArLGVK2qoztIqLWUlwtJcFRaFTmECYRJIUCYxBIiEiIWAYoAAAAUoyCq2qZIAAAAAAAAAAAKL6E0EZKAAAAANAxFMAEwz6M2lAAABiAAAChAABFAkwFAAQAAgAAAAAnAJgAAhoAAAEAAAxIhOFtACgAAAwAAAAAgqLQAAAGAAAMxUMEMEMEMI03wqRXYAAAAAAAAAAEJhVdm0IwFAAAACgAAEAFzas16NoGAAAAAgoAAArlCaSBK0AAIAAAAAABBsYAAAAIYIAAABBTKdSAgAoAgAtGgYmAEFTmEkDEwAAAACL9Sk8y/SI84eiS+efeUcI7QcQ7aPPWdjgxcKJMgEyATICzIBMgJMgLCyCS4g1kQCZAJkHU1ESREJqLKrIMtEDEDAAEMRQAABVbTcgAAACBoAaYAAARmpCJBEkyBMIKYQU4iGgi6qdqIYgYAAABQArEDrHI5AoAAANMAAAPWnH7GsgCAFAAAAAHnvQwjyUoz57w2MKKtlBnVsCBNWRYhuLOos2pZuE4BANA0AAUACGFcbKkuG1iSCJIIkgipiQJhBWRqucbSBNEVMIEwgTCBMIkmQhbSdjT03Zyl1g4z7AcZdoOHHvB5+v0geWzey8nLislMgrAgrArLArdgVlgVlgQTiE2AADiLIiEyATdYWFcB+h4lEvtDJr3zAAAoAAAADn+b9p5jOqeduqxbKS+MMNFVVKcbIpoE0T6XK3FttU5ZCBiBoKaAAAADNpyprEKxCMSJHI21qEQwAjKunOEwBDQAAAANA2gW3lezstA1AAAAAAAApOd5+OnGmgAEMAAAAAAcSsdoAAAAxAwAAAKxtyEVvOo+s8rXZ7U8s7n1B5uVeiOBM7hxWdk4bO3Vyg4d1Lzqnp43lfmmjPXrVYltSYluRht0KrnBF4iVoKBAxAxAxA8unOmkTBoGIK7AGgGIHXOmrmgYgYgYgaAYmMWU3esxbdZAKAAAAAAA8h1OFm3SFKAAAAAADEDRUFyYADEwAAAYgaUAsGABFozXCQKdMyZEiTiqmQImQKmog65gnTaNAAAAACAAK7EkXXbSUgiMEMEMENBTfUTlCYDAAEMEMEMFXZWWDBDBDBDBDBNgsWm2rp0M0PMzbLAHQWFHQOejoxwRMmlMAQxAxBIiEiISI1jugEyAWEAmQCbrZMgE41sdtYWEAmQAAzQAdVhCdVlMAAQxAwAAFCykuSY0AAhiBoABWVWwiWpA0gYgZFjEDhKNFme4k4hIQMRDEDECiBYJgAAAAAAAVhbFkhAxA3EJEQYgdamMRTEAAAgkIGKpJWIG1AsatiUJ50kRdrEK61YEkDEDaBiZUMxUMoTBVXKGVWUxAxA3EJEQkQCF1cS0iEiKJEQkRSSIqp57ai5VhMqKsKgtVYWlQWlTSGjHoLXU1sIETIhJwZIiEZ1WEyDJEQkRCREJEQlU0WuATIMkQZIiEiISiqyc4hIgE1EqREJOKJkK0lZB1MgE6LSxxbzWh2SIxlnBWDcRZEWMQSERIihFZLYQCZAJkGOuaJlFpIiEiISEDEDqsQ3RakkhWRSSUUTUFUoKFmXLZi78dRlNZ1PIGt4g2vCRvMAbLOeL0XzQ7Gvh9Tj20uiWdWuqUTcAjbRaSESyIhIixiBiiQuqsRiFYgYgYgaIIpwnQJDSRIrjVpnoTVn5sOvPo3cgueycYO0cUrtHFDtnEI7b4Yvdv5nQ5dbHB51ITGAMGJqEScmY3aWVO0lqdoVFoVFoVOwKywK3NlZNlZYFZYkqdiIEwgrArVhVcbEVRthZhw78Po86Gt4ABMFQwQMQMQMt6GPXw72Srljc51uWbg4VkQmQZMgosKwsKyrKmyTrCx1EWqsq1VhYVBZUBaq4lsao2WwriTrUKWO7N15Tas6coObsgWySl3Oyg0BnWiJSroy6Ohzt/n9U5Vvn0sdYWuplkYMlZU4sdQTJNIOQsSQRJBEkESQRGCJBEkESSEpCRGCUgiMIqSqKlEjCcLMGLbi9PnFJbwhghggFAAAgANWvLr4d5SUsbck5WxgDgBiGCGCGCAAGIYIYRGCUkJSCIwhGcbIRnEhCyFmbHuxdebvp09eJKdl51ztnZU72zSXOs8NcTHDXXNVdDFt8/rbHx7gwBipsExiGSWuZJWTCBNLFTCBNESQRJBEkVEkESSIkgiMSIwiSRFSVRjOJCFkbObj2ZPT5kNbyhggATBDBDQDRs15dfn9DkpY25JytjAHADEwAGJSCJIEMEMEMIkkIYRJISkkgpxquM4kIWRso53U5nXnLXl19eN9is1yc1O5JDuU2EVNFVd9ctGmm3h65yUvP6k2AMExiGAMjYrFmVq1FasVQUxYE0QJhAmECaIkgipoipBEkrIqaIqQQU41GM4pCM41ys2nP6vNEa1lDBACGgAAAADZry6/P6HJSxtyThtSUYQMAGCYAAAwQwQwQ2RJBFSCJIIqaSEbIFcLI2VxshVfK6/K683ry6evHZZCeuM5QlZOUHZIi0YkEJQWE4S4+i6cLPL7ESFQ2RbBDIBhvUzMgpogSCBIIE0RUyoE0sSQQJhBWIgpiQU0QJqoKaIKcSCnGyuNkK5FF9Pr8sVJWJSQlJCGCAEMEMNurNq8/oc4yxtyUoJRkMGoDhMYhsQwQwTYIkESQRJBEkESQkVMIV3VlULI2VxsjVXK6/L6Yjoov7cd0oy3wk4tJuIknF00gcRSxcZc+2i2q7ye0JERJRUFMQwQw6JIxIKaIE1UCYsFMIE0QJiQJhAkLFTKgphBTErVgVKxFasjVcbI2VwthZxKra/Z5YqSIkkRGERgh2lAwQw3as2rz+hyUsbbHDYwY5QbESBNgiQRJAhkJsEMEMENkSQkSQRrurqiNkbKo2Rqvm9Pn7xnuqt78d7T3wbTG4skREkRBpJRwed69GfT4vfJSIjToqXNszapYkixDDpEliRJBAmiKmECYsFYFZYiBMqssCtWBWrEQViKyasgpohGwKY2xspjdXqcCE17fJBTiRU0RUlEbIdDGzdXb4fVz8XZy9+XMJHq4bdWfT5/Q5EsbJDgbYNuVNsQ2IZCJBEkCJAhsiSCJMIExIkgiSCEbYFELoalUbY1Tg6WLecFtdvo4bQe+I04YgYgYkjQlQKXdpzafD9CwZkhlJNrEkEWw6QznEMtiSCJIIkgiSCKkESQRJBFSCKmqgrEVqxEFNJBTjUFNVVXfVrPnVOPu8cFNRBTRBTSx05zNXf4HW4deRooO/JDNTfpo0+b0kiWNEiUo2wZKVDcIbENkSQIYJsE2CGQmwQwQyxDCMbIlMbI1XGxWVY9+Xc491V/p82qUZb5JgAIaAAUCaBNLt1Y9ni91wPnpDBDBDLU2R0Twoz7o8ML7k8Mz3B4ZnuTw6PcHiA9ucHFL6s8gWeuPIyPWLyjPVLzAenXmmekXnGehXnkegXAK70eFpTp0306nn1Je7xQU4kVJLFSURGLHVXo8npwOyHq86GWdDTRp8vpJE86JDlGOBjVNkAwTYIYIZADEwAYAMQwQxENBGSKo2R0gpxsjRohXnr6b/X5dEoz6c0AgmoABACAlE0atuDf5PZe1Lj0QwQxQYJsPKL0Dz6vPnomnnF6VHm4b6rnOHpU8zzfdeJ1n0PnvT+VvGJq6O88TR6aq8/NQ7mWb5prGspsIxmwrCbmc9dCSc3dn3HsaNOXLhxmvf4oKSlgpogSRFSFspq1eD21xke7xRJFdLRTp8nqJEsaTbVMcDJSpjEME2QhghgmMTGIYJjEMEpJEMEpIrjZHSCmqgppPN3KXs8t04WdOaTSCYICEACYqTIu6HN6Xm9V8oT8/ZgAMUGADMi69PP182fQomqObr41zujdZOnG7PM7F5z8N7Xwu+Ps/Jeu8jvh0upz305dPpcu+89uCVKcWD1Z9GU7XFSLE0w2pBToTB0+V25r1ePdhZ4qkvd44xnEipKWJJEVJKRx0eT19RTj6vIhldTTRo8nrJJ4pJOUY1YOBjEMgGCGCGCYxMAGCGCGCGCAQTCEZxqKkVGM1ZwVbV6/NbOu3pyQFiAEACBQCBMDpczpef0aLKrPL6G0xgwAVgHmtGHdO+q/Y8dPLw6PN6ce6+dby9Vfbw7kweL9b5fr5fW+R9X5XfHpdDlen1ysx68euN1duFcuyfPbr77uznz3O9N511k1NdF/M7tx5L0XnfUZ6+iwdDnM8dSXv8UVJSxUkRGlSkou87bp83s3wuq68EM6cutopv8nrTHjTos8YerfiivbHipHtDyE9T1j8pM9Q/LyPTPy4eoflUerfk0etPIh65eSR65eRD1y8hE9iePD2C8fVHtV4gl9qvFxPohz+jmxGVx8u/B6vNZZXb15IC5QAgAAUAgTBUX8Tj260/Ovz+j0b84z0bt6Po4ct9QTlvpKvPTw+h8X0KOpwZ47dnn1d5jm9Gyqa0V1vPThcbp5e3k6Hn+ry98dfS5m/WHoyz1jfbyeqxhuzcx09DDl9CZjCzntVUdbmzcdct1z5T2Hjfb56dnl9Xk3HMjJe7xxUkRUlLEaE1GXJzbNXn9myefRrkDO/DsX03+L2IdGbi8/3eHpQBY5RnXtr6NH0PDEkWRUkRGWJMEBQmAAAAAAMheX9T5zl24TR4vVKE4x0/WeY9DjV4yOfzOvyPV55W029uLAuRNAmgAACUGC4/Y5nPpz2n5vS5wlZ6ft+c9H7vDORJzgSDwntfB+z+V9tec9dwsd9enJqz0rd9E1aozPL6MHZ7/P41EPQ9OWH0u5zjlo6DZ4+Dt+Z3VNwdCebZKh7GeN3vPXtaIaOdc8r3fhfoGOu/jdni7589Ne3yJNCTSpSUIM81y6d1fn9WrbTpkrA9Xl7N9Nvi9lPG05DFh6/JpgqlOudnu9ObX7fDEkMwUwgplUzJtVjU0hgKQRGUhgJguB6Hi5vlAPF7JJOLfb+R9Pm7EzNy8Xu8H08JW1WduMgNYEAJoAAAVgQYN+TO+K0/L6pOMk7Hq/Gez9njulGV4CZHzyZHwfW9Vq8l3+Pr2FcufocCLVijnPKen8l630fM8l7nwn0TXHYmTjFldmTy/X4/TovUcbvyecO3wmrskYTVdfU5s1Jmayn6H89+jZ1o4Xd8/055E17PIk0JNKJqFk2c3O8efucbh6ul1Ofv52sD2+LtSH4vZx6N+GqeV1eVSAscoTr3e3Dv9XgRJswJBEkynHuycvo5Vvhw+rkNgmMvvm8JthZlNkTKtGfn23c3oZfd+e8Sg8vUaa6PVeR9ti6AM2vz3pfNeji7K59+FiDWAAAQAAArE4KblL5pxn5PW2pVf7z5/7v0+XVOFm/MJqPnQPwfWU0Gt41ne4wi76czTJ63znqbjxnoOWrnsnHE7T4ki2dErrTr5szrz48pLd/OS9PkyRVm2V1g+jeG95lLzvovNduVKa9flSaEmlEwXJ6/H5dc1ff5PL0aOnw+5JEF6vJ3pRl4fZh5vS5tU8rq8nQTVjlGVnuujzel6vDm0U2XDi4xOUZQYehh5fRqJrl9eCm4qhbVz7AGaAKho11yt9/5/52mvPoaIn7z599Axq8DNPN+k8/25UzhL0cLRG+bEAAAmoADRDEHnVdV5PWSUll7PxnrPR5+xbVV18utYrJPnL7J8v63GOyHGOvCuUdKFYHsq1KfX+R9NL5cWnczF6WktaUu4ikuRU7QqdjKS5FJdns6Pv/AAH0DGjy/qPLd+EU16vMk0JNKAEeF2beHo4G7IY6y7Xn+4zJNeny9+Sfh9mDm9Lm6UcvqcukSgkXK2X1/Z8J6/1ePbTdHXBldg7q7Myuq1Z7c82nL2YjYJjNcMMxpUZjSVlNKFYrPX5Pm0NFHn9iGsq/feC9tnXRaMafD7fG688bR6PPcI6YaAAAAUaYNOQQHGzbsPl9UpRlnb9L5ru9+PpnC3v4ownWZ01+X+3KMo1Gi+rczUac/XNfP6XK75r6mR9pzuhz+lvW3oU9B6+ZzO7zHPEOE89ku7y5057szuVpUFpXYHN6nKs6vufF+0zV5b0/l/R52henziBUgEAZeb07vP6uJ2OPHO7uly9sbU16vH6Aa8Ptwc7o86yjl9PmaOm3PD0l+d5+nyN/fl7qjXX6fn0u9lWyuzEjXKHNWSOfNIcKFrKSb5q1YFZaVXfRo778Di6fNx9FDM6q9f5H0+b3hPGjldXm9Mcto9PnuIvpzGhWIGCGAMCQAXn83r8jz+iUk+fR9blbenP2NtVnr8LougUOjT+X+1CNcNy2qzPS5XTOucXI7PC9GOtze35ro0dCWvfXYWXvVzo3xc+NdV0Jx2ZN3n3bFHs8t5YMEluq6jeLg+58RXoPX+W9TzxT5r0XnfV5hNejgk0qTQARzM/U5Xn9m2jIS65yfLvtEez53o4yj4vXg53R52pn5nR5lMjPOtU8FvPrf1eH0vTw9tYpej5gwhDRVGbaySsfLlTHRDKotMSotIqLQqLgq012+jfjOP6DgY+hEZjdfoOB2JfUuMuejDuy6zxBHr81rjLeABAAAFYgYA0BTw/Qee4d7Wny6yupnrPurMuj3eCNGyJz9UKvzH2M9l1XSTjOvNp53Qq7ZXmPTeW749X5H1vkuro9vidbXXoyIvUuT0MDhR1M/RWGemlVRZU5p6MMz06pbmrfF+18TZ6/0fB73Pll8/3eD6/KAu/FJpRNQg0zXFw68nn9Xd4Ur8duhfJcO+W2qz3/ADfSQnDyd8HP6HP1M3L3c+2LrJd1mRc+ltUa+vL6Xu8F7b2eDQBnkJogxXTGMxUlSAtAQxNGBADPMeb9X5Xh7oklz6Q6GEl93PndDnp02qzzTi/Z5bJ1z3hiBoAAGADQMQPzvoeFy6jT4d5TrlZ6/fyOt7/DNpzPMy01fD+tHqcvoVrpsy8KVB1lXmPQ+e9GPV+T9X5Tb1Gzer7MeXscSyEdnZmOZO/zt6Vbqee5d7mq5qfN01OcO5wb5jteN6XMs9z2OZ0+cwcTscf2eQQu3IQlE1BuwdLn14mzB6rye+jy/sfPc+1d2HZjrnvz6Pf8v0ddlfn3gwbuLpnxRhZKUSXqVdazh6PP12V9/Or80dZ9r6X5p9M9HjSavEBiTKipKogWpNDAGxyAOOL4/wBr4vl7Iklz6xbzy+p7PD7fLbaDzJZV7PLOddm8DRYwAEDExiBoA43Z5fPpQB5+7lF16Hu+a9J7fHNovPztVVPyfqaNODrZuPHv5O87ejzejGDgdnl9J6Lz3b5zXts+mjfslEU0ac85leR7HCcdz9HQ35x+prTi8n0XLc4xvrYxYduO8/oO/Jq565fK6fM9vkSa680mQk0q6XN3ef1cbqcs8P2fWZb108Hkdenmc/Xffm0+75no67a+F53nfReX0xtSRia+lfM08PRyYM7+eFdldmjtefs1nuS4BXfXCDtrio71fGR1q+aHQjhDdHGG1Y3LpnUy2uolulkWb1efXaex2eU9VmyAjg5tuL1eaVlVvTABrLQAADQMAAA5/QyY1znXPz+hyizp+r8X7X1+ZtPpy8bHsw+P9NaL6/Puvid3J1zVdU9Z5da09pKGfoXfpq7I32JFJZDNzmMnSq6E5dI89RnXqI+cvO3xuV3dOfRv57lhz31Xl9Evqt5743O34Pd4hBvCBKIQ+li3+T3cXL3/AD3k+p2up5j1GvNl8v7LxVurZCfr8Po6raeGub5X1Pk9StoskIh21TVlRY4SiSuoDuOrZjdBeFBeyh3BSXhSXBQXxKKrK7MMIwsmounZQRMhIt9H5XUe/MmvF5HP6nL9PndlVvXmwNZABMAAgaBgBRdGXg2ZpeX1XlDNHvfnXW78vYnkjtyyKGr53tzLXAzDx2aVnZPu+fZOVDq0qC4pC6yhF6qlLaqWTFWbZY+kUG4Tm19ayvVTjLGuDj05vf4Ug1kQlAUb9dNni+ht8d7HkcfTwe5wb539P5P1vm9+ZaMO70+b0dHjOr5t7fIegJfOvvs8/L0KOfR05rwDvJOHLtBw320ZOhXzq65bo3jGbmYTczFLRbLiNyMNXSqPOrfytTMmtZlFMaQjEDlEl9F6fx/sc3n8fucPvwLK7OvKQGsgAJoYmAFAEAC5i48XtpLnNUO5xnd4Z7Oeaxty5urLjeTOjjErZJuKKrrKymmJGRKI1JVYqQuuyWSzVJZLs8XVL9ANJz1kNFdlpgdnJosp+h4mhWNBCTR18Ovj/O+z6iNVjl5CPV42Pb6PDRt1x5O7Pf6fHyevyOr5OiGuXRA6kmiJJApIi06cWofP6GHeO68+/vyJXXS5DWzn22xIE4xGu2By+P6Dj1zFYt5rJRsASOUQJRDb77599BxrNwPR+c7cScJduVgjWGmgAAAGgYACCUrdXj92B73jfPOiRzzoB5VdlXHE6uq+Xx69M08q/Uyrhx9G5fIv1TryMvWTPMR9X59ObFLUkJWSEgQx2Q6Uvp6FHj0VVkaydPmdbpzxQF7vGIEAFQB1OJ6Hz/y/u6u75X0dxZ5D2vmrnm9Xj3zvtd9Xo+fxuryur5uiA57GgYmOLiNNEZRnUQcGHZk3n0PQxdTtyJjiELcq3LlQTsVw0RTDTFePw/TeYWNN8KpyW19OYBcoGAmdX23B72NLzHqfL9eSlGXbjMDeAAAAAAAAAANG3Bv8nsYzl2BkAC53Fc1hFEyATcAkgBxYNMx+Z38/pKkjrxkkxNA0A/Q8H0mN7IuPPahKNmPs8XtdOfIsot9vjaCmIC6jXnXV4nVh877Hm+lypzv7Ln6p78Pj6tuHPt9Dn15/R83hdQ2+fphNsMaylNBuMSrcsKN8cUTbZzZVvF244eb0uOy7sZNXXnHTCcsMurOcqOqdlurNqzSM1GTx3tfE0KDtyw25d4rA1hADlG6X310J41LzPpfO9eVDjLvxtQb5sQMAQAAKNAxMn1uP3fL6qy04d6y1y1FzOWDwAAAATAAABiZx+f6Pj7nDJR7cUAAANWrd0aOxy7XxazIwnXZj7fD7vXnxJQfs8lgixgBpy6ufXb0+L2PB9Hxke9wp6ut2vH+u158flvaeUO5TowdvL6E5vMw9Jm4hrPL53UzVkLJVS9LMg0DQdf33C63Pdsc6l0TxM1GQXXknJMcdLM3RolFyyxi7wnrPOaYGGppyEdZrJq5iNEvT+W2y+j7PD1899Hg7eZ051Sqn6OF4n05ZqrsHn9W4Go04hDRPWcdlkZoVllzVt5/R49ulp5HT5dLebtznIt4vplTRiMTBNADBNA0wBDqsoPM5ejj78qRmsoc1j2V3Oe8WqccaSaI1W02Y+9wPQ9eXAi6/X5dEqbaYFhvwdvj353e8j63xfSPIev4lzw+9wrJ39bwHyN+HRnqjrFpWiwrlTlWJfCMjJXvy1UBYSjI9J1PGrn29geQszr1B5dy+mj55Ho7PMazsrgW3Par8uavpY+dlHcw4i5289LfMQaygBKSFZWztPk6s71U1VY6XvNKa7UqLvf8AMOT1+Vy76rKrYcoS1myKVjjJSzUq9Zhnvo59JbeHPy+vrvhpdOnDKPUieMjTExDEAIBoGAGTVz6w02VdcUprWHKNh3NXI18umyKM1Jqo03Z7Mfd4Xo+vLzcJ0+rzXaMWhLyBqT9F5r0fD0eX7vB0eP7Hpa2ung8pTbiVxUN8bXSiyMWSjGQ0mInIVtLIU7MtRlF2XBLHZWVzzslFyyScShOsGqd4YX2Oq6jfEg1YJpRppEkLFMEMG4WFujJZYK6jl6Opfi2+vwSyaYGLZztnD02uMuvJoSTYWFbUsapxzrAOPm9SjJK9Ga/N9OJ4yxMBAwBDzWX5cGfrz2Z8mbedMKZ05ISTgqtUJkrYOXRp59cvdhyHm9mnn6CPf4XZ1ngVzq9Hmloy326XXLWZdvh9Pz+nk5upyfJ9b0VHJz9PHVVKO/PFTiNwKbi4cRU4tisgE5VqNVCnWdppc1LHeMlOaTCVNSJVzjBTdXrLptq68JRi0kRKkkEhAAAAAmMTJTrmWNylt38zpduEmn05cnXXX5fdrkHXi3GaOIrlATXprvNaeHTuWees5du8cvWaXFnFFLFTFDQqlXlx9caMMq+vN55Z0lGplkHIVlcixKdIAbRK6lYklKoVtLrqdTna449c6+/nWjPauqdNmpPTl3ef1bPM+08l5/bkz2U9PNBkNc24g20EGxE4opIUCQnCSK+mSwUol8oz594yjKVNNVKLJxlGCq3N04pC6cwCBoGKwgaLjFPSFL1Nct2mMVpbSM68st9mewzdHBt7cbnGXfhmw9bgeb1dazjdRbhG+YCQcWsJQVzmz34fL69JWpq7Vzyz2DT41ocLlT5/fnaq83XnZmUordiEIRjYMLXKMhghogORElCATUUdnRxtyZ65V9uLlCUaLaLdSzq8rTw9Xo+Vujw6+Ly78O8qVa1i1RRKDEAFbiDQxAiQmSBwozrrRKNnLvAaUcZKpQkTTpZjU1284gAAsvWmIxjrWGWuZZdTYE67CVKvJqmiLNNYTK5LDVl0deV8q59/O+R1cXPrj24Nnm9WiUX34tAiZFIxtRlwdXFw9CjbTNSTR66UXxrjLmWc6MYenhGq2RFoIpiRGiTTpgLJxCSIiVc4IiJOE6SYQuruLY2V9eI0JddRbVzi+Hs7Orz3f5b8zyu1xt8YtFERjTBAkYgGgaAkhqpxkSqtrNE4T5dyucFbjIjKMh5ZQ68EBcggY0Xa8fQls59uYncWkYRsAjYSqrkLVJBFwlvhcGYur6YunXLv5rKW5eTfQ/J7utHKdfPdFAwYOKJkYlkYg6bFNeiYeT0LzXd8v15zQdOdsHCpAA0Ih21BsIhBZKEolU4EpxupOyRVG+opYFk6Q1012WJp9OU7qLrLrqOz4vb5f0/meg9EuJ2OPryRBbyxAAAAAAAAANAOUJrZcaMbyShPPQhbWpKG0xKeffOKFvk0MBoEBbtx2S1a81hdSXkJWQJZ42ljpCyLkRalBsxC7M5DWdMoP0+WaGvKhsxeX1zhOMsHIRKaWKmECTIK6CwVgnsBPz9Hy+mJ5A34fRxE1qSjKKASWbIWSjUpZwAbUB3Vo0xzI0wqFsKQ0Qt3478l9blhqxaN8JMfbg7abbLuryNXDt0pV0fM+jl4e3F7vJWw6c0AAAAAADQNAJjFKNq3XZupz9HNn0lz9cJ5o577L+ZCzLS4+r4oNiaQAAAWE9WO1clRcaoZy5sK5F88kjdPmh0lzoy9Nc4OjHFomrK90s9ad1eK9t9GOWPRo5XW5Xr+JAjZ5/T0lY/Z4aVeLz8/R5nLr0r4UcPqbDGcPbqqpd5ehkh81icZ/L9zg9ublF9eYkDnSFlcRRoiTgI1KyqpWojKLacp6OXrldnlx911LWeqpuq3x58lZ6fj22Xvrxz2XWpns021ls1yzvzdWmnj3oTWubQAAJgIAAYAAAGnNfNy249fH2xEZ9zU6bxnFjfNdkPT8UQkAAAC2vbju5p8fotxSqE1eUHJ65ltcpbSsmr1QNXvMpvbLCTd9AlbO0xxCULfX+N9d4/p8tG7CnqtOfXJBWRirxXuvEbnf5WzDy+nJwi6WlE2fTtOfOAIp4fa5M9mTP0a+nPArqO3iQFyAAJ0TjKWUXObplosz3qvZy9jAnVxOdrz758vbc6IksermdDH0u/xtrgYtk6Zmmym6W+2qyXzGPr8PapWV9OQAgAAAJoGAAA1JbZXZMdNF1GbPboEbMe/LTpxdvkb3VZy+rjrup7fLANcwAC7TLRorly98ksrV9uOd46ULHrbosuJtGezcWMUEmYb98L2lj0MrvvLR3/O9Seenk9LmXr6vx/Z4WvL6Tz/AGOOz6rb57VJ1lyg6vk+vkrDZvMevNn6A48uXUs1jYBzDTMnM6XNz7s2Hq8j0+LoFd/P1UxpN+e13Ge9TsJqLcFi8Z08fRdc+X0XCrJvzdCfN3zpZzOty7yhNLr4uiRfn+wtuSG/m9F81Xl1XyrDqz5tsu545EeR0MlsKJ32YRrfMBqiQJNIAxDSu2OrGref0s+dwy2V9Oe+cHw+qsm2jfhVtc56as2vJ08oBvgb9XUxVNLnvhwae+GW+jp4rJq6JQnDHtqTOvzLZ5dXP6LEZ7PPfn1wqHHr4N9NtPH6D6PO178p1+H1efeXH6nLN3H6fL1x9Dyenzpz1acGqyxQkWOmWdWEZTUYyBOMjpAZDTMPP24M+3dwPSZe3h5trePfzoWV+j5l+rndHn7Ex8/Uqbqtc8QHf5WnVh3cfp4qrqevhWzHuz1vqevh9Di7M1vp+Pa2uP05uu9zphoN+DPbZNYTnMhVrlmnNvzY9uLfXf08uGrbl1zqkS1mDkLEnEEwlGV8rvjPl0aTOY5ausupsr4fUs5+6nfCq6MrmOXVRritlduvN1tFVnLTwbOG7xai9FEB9vnW6orj7yMh0yiOvzJaQ5+9GaOuWyi6qbjVZHp4dVcny98b6LmFvwaMejVzOpy7z1OzVfPgzdHBeUJ12VfoSzUEZZ25pGiDJUVyOu0ZrEzm4OjzZ7O3bRVfPz4OM92Kjfl9Hz6+jF49EYZq9+fpQhdz9nNJR7/Kl0Obv5+yvJ0sSQ6CM9iysz6bOb1a754KUWycHN6qgvlZmXTxdDVx7ZeuGHPXLWE+hO6m+eWGPdn15ss5T3nM7oqo2EVmia03zlmxbUqTrutEspz+pEqz9fJssosz2sz2VpGE4b823N0Md8voIZuPjpfTGV9TROahZOEpGGfXLUVWNTnCWepROrXGlNdfn6XGzl78jDr4LtGW/l9HXmdeOsm4a52wZnv0dNNt+aYN2G2q7DpnW+uSedRdZbCDrXFTimyEY7wnnSYkyczr8zPrlXKqd4rRz+vm06M0set0ThrGFOPp+Rfqw7eXvpy9Pna4x1Zbrz2asVnD6llBVcSnz59fJvsz2cvc4NAxjaJ0nj0u+XPFR6/N73Jup5+8GO5fRY4WRmr5aS2FijNRCU2tdrkIGRGiNNtLqAT2U5tuPr4JasrNUZLn7IQrl08d9cBG1ZNk7q89YtE6uEst4oH18V8pR5fQAFVdkLzqjKPTw6ZBy+gZd18nPtshdEJxSWzmejvj40ovH0u058J41Q466vpY92eVcZxnKMWFVezNqX349Msqbqcu+BNAJFyOxxc91ZXovWzi+h4PTz2KSz7oplmKu+jv8uW7Fux6i2mzl68VnTqvPMBdqSul5JbV6PkPXjc6dAjPh9OELKd+Isphee50aOX0MkLKe3zN60Qx6dWfTU5YbIXZ904zWvnJMWKmhDYNuWIxIjKqqshPUllhvPQw7a89MsWdvn6nXby+hjZPp4YmzLNXd2jbiUcft8DeGx8/o00XUdPFZZVqlIzzZ9JZne/LpUp8/bhbv6eGcZ5+fttswbbiUXVOk54Nt51djnk5G7D0c+mXH6vL1wjozd1THpy586g4ExoVcgo24NdlySl7pCObYoBPn7k1yNFBn39rh9fkOeXHfl9Pk6MsW7n66MXVxa4rWPPepVUb8/RcXy9qrng6ebZdzdy3crt82TMB2+do14t3H6k8e9c98yOzN3+c9uLbjtg6PK9Pvzxybs/Ptdmux49dGinTPROm+jp8wAvMUkoKSjHCGUoyEz17L8+3zkvU7u/zvJaO3xeP0+dHdh6+HRZfTy9tdkOvrzauD6HNOS38CtrvedhK9JNTx6oY+rY58+7TnnWGPdh6eci118Gq3Nq4/UvQuXooz6svXy59mPT08ujJtxY7E4y35tuHbHj7ndbTjt0+J6Gnp83gdWvG67KXXODQgnXKlC2pKralqbXCWddBySA0Si689M1qt8/11i0V6cvNpze34p0+Z0M9dWnPd5frV0XQ1Odntq9fxNt+Xbw+lkx6svbwGjPZcdOat8n2+Eu3V3+Vnv2ZOP0S2hN2qE3GvFCPp+XL0/H7UzCM1jXOqvtx9Kz112nfjzY+pDXHgYfWRPDUfQqpfBP22WPKP0+5fG7vWKzib9Ils6ZWWlcw8d7DLO3hZRfH6jyXZtcT0fJ7PT5yY5nNwfV5m/OS1OevNOuTpdOiWOkkxqGPaa48wD0fJt2493H6Q4nP1rJsx9PNnvos6/P6FGjNy9kq6OxeFeihcPra54+q896k+vzY4uhzznRFDBBWOycXIz1Tr3nYQeNdgAAKIyJqhpeb65CSu+fg9BwPV8tdDn9a4vYvL9hJxuePEPb8DV0ed0fN9bm5tuLv882UdvHaqUX5/qaLMcsWeSUenNSjRvnZj2c7t8wkunrj1JyOXSKkivr8/wBZd2tQ1zlAgOMFU4OAVxrSVtF8OQlnKEybrcWyhIjMkeS4H0XwOPfl6na6t4eds9Dc4cbduepVZIK/OeoGvk9n0TyM68txWPYjEuvi6tmDTx+hPl962c+dPVkz2iNa0Y9eTp5qHGXb5nTRo8v2qt0sXO1qiPblq73G7byyGXznH7Hn4rBDCJAFYXURp0216zbKm7N//8QALxAAAQMCBAUEAgMBAQEBAAAAAQACAxESBBAhMRMUIDAyBSIzQBVBIyRQNEJDJf/aAAgBAQABBQLsPQ3+2dkzx+2d2fcO7dXfSoqBWhW9k7Ju33GbfcZt9p2yboPvu3Zv9v8AbPtnZDb7Tt9z/gP2+47yZv8Aaft91n+Gzb7T/Jvl9p6/f2nbH/DfuN/tSIb/AGnoeX2ju3f/AAnbIbfZk2+27du/2Tt+mig/wzuz7T/H7bt2factz/iPQ0P2Tsm7faZt9pn+Kdk3b7TPH7TdvsO2+0e64as3+yd2bfYOx+07du/+M/b7TvJn2X7fv7ByGg+wUO+zb7D92b/Yeh5fYchv9goa996bv9iRN8vsP3Z5fYKZ/kuFQhqPrv2G/wBh27PsHb7JKaPonQs+w7x+yd2eP13Ju/1yhr9J6G/1zsht9hu32AKD7G3Rcrlcrlcr1crlcrlcFcFcFUI0ITTp9hu31jt9hyG/1ymjp4hXEXFXFXFXFXGXGXGXFXEVyr00KoVQrVaqpVSririryr1er1erlergrgrgrgqhVCqEd2bfWdt9g7sH1yhr3aquVUHIOQcge5RUVAqBWhWhWhWKxWKxWKxWlbICqtKoVQqhXuWq9yq5Vcririririryr1er1er1er1eia5XK4K4K4KoVQqhVCqq907fZGnVypXLFcs5cu9cu9cvIuBIuBIuDIuFIuHIrZFRwQKa5NOTdvrP3Z36BUVAqBWhWhWhWhEUQFVarFYrFYrFYrFarSrSrSrSqFUK9y1XuXuWqqVUoaova0tkaUHNVR9RxTesvV64i4q4y4y4wXFXEV6qq5YhtHgppybv9Z6Zv9Y7s+xhIOYlbgYguTYuTYuTauTCOBquQXJLk3LlHLlXrlZFy0q5aZcvKuBKuDKjFKi3EK2dP47RDK6Q9FVVVCqiVcrqo5OdRFzkJCE19UHIOQcqqVtzE0phyGo+q/Zvl9Ypu31SsQaM9Njtj+p6pMXFjQxiLkXoyK8q8q4q8q0Kxq4TFwWLl2LlY1yUa5Nq5MBcuuAVsQUCpm2vCaUEz6z/ABG/1xt9X9hhmnibYz6eLmEUcYLiU5yc5Eqqr0NNRlXqpliW0TSmlTNujTUwrY/VO31jt+vrONrPT4tPpvda2d5xExTinFQMrlovavYv41SNMNrukqqqq5OFzdWuaU1SttexNK/TTUf5btvrFSe6TDttZ9PH4hNbY1xTjVMbe5E0Reryi9GdCW5PCjNRmDlaqdGJbQtTCsQ2rRu1N2Zv9Upu31HIeX1sC3iS/TxUwjYz3ucU92TG2NJonOQiLhy5RwbiuRcuUITgvE7o51VVXMp7bmjQtW4cKOYmI/Wduzb6jk3f6hU5oz0+Oxn0nG0YmTjzFPKKhaiU9yjbeVb0NNwcEzTKvVtnOz3NTVM2qAohkzb6j92fVdu36v7ibxZ2i0fS9QxFE1tjXFE1TG3uKkcmguc1tBsiVXNvtKKBqiOy8VACCcKgIIIaO+o9M+qd2bfUcbWenR0b9LEyiKNlZHFSOya21ryiomWjbOmZCaiFsqqqqFUKo6SiNRlIKOy/QNR9N+zN/qFN2+mU8F8kLLGfRcaDFSHETJ7qBRNRTiomrbKqqqquW62Vc6KitVqtVqoqKnQ4VAGbPqO2b5fUO31cAy+T6XqGItbG2xrinaloucnlNbcdsmtqnb5BidufaS4KoVQtFUdGq1WqqVUqpVXKpVTkEVsfpnYb/TO31ZT7cLHZH9GeURsBMr0/JrbWotqgKBAVX6tKtKaKJzsjoqFUcqOVHLVUy0XsXsXsXtVAqBUVFQqjlR6tkQrQOVwVQqhVH+I7b/19P94ccXEgUH0CaDGSmebYEohBtMw1HKquVyuQNVRHROFQ09ugVoVoVoVoVoVgVgVoThRNFVaFYrFYrVarVarSqFUcqOXuXuXuXuVXKrlccrler1er1er1erwrwrwrgrgrgrgqqoVVVFDf6cj7I/TZ441zLFzDFzDFzDFzDEJ2LisXFauK1cVq4jFxGq9qvar2q9qvavUcTw2QtsbkAi4K4K4K5XK4K4K5Xq5XK5b5PCafpuFQPqO3bt1UVFQKgVoVoVoVoVgVgVgVgVKGlVarVarVarVarVarVarSrSrSqFUKoVRy1yCqVXOgWnTp0UVEQ5cL3klVcqlXlaqioqKioqKiorVaqJloz8T9M6Fu30n7s2+kd27fSKboPomi/doVgVjVwwuGFw1w1w1wyuGVwyrHKxytcrXK1ytdm4VDT9N+zPpvTPqD6R23P0nFAU+q4ULTX6Y0+m/Zn+M5N+kSmj626Gh+k/du30X+LN/o/of425+kTXpeKpp+k7UMP0j4t3+i7Yb/AEXJu/0XFNH0iaoCnU7Qj6WxH0h9Jyb9IobfQKbqfokoCnWdQDQ/RemfSP0nJv0Sv39E6n6LimjsvCafonUN3+i7cbfQdu3b6BTfouKaPouKaOjVarVaqpVSqlbK5XK5XK5XK4K4K4K4KoVQqhVCqFXJ3kDp9B/kzx+gdxt9A/RKGp+gSmjuEVQ0PTRUVFQKgVAqBUCtCtCtCLdBvarVarVQqhVCvcvcvcvcvcquVSqlXFO1QNFcr1eFcFcFcFcFcFcFcFUKoVQqhVyP0Shv9A6oafQJomjvPCafonQ/QfszroqBUCoFQK0K0K0K0K0ZWhWhWhWhWhWq1Wq1Wq1Wq1Wq1WrZUKtKoVQqjlRyo5UcqOXuXuXuXuXuXuXuVShUKpVSrirlcr1er1erwrwrwrgrgrgqr91CqFUKoVe34n6D0z6DvFm/fOw+j+/obnvUC0QFVa1WNVjVY1WNVjVYO0RUNP0W6HvnZm/fdsN/oD6DigKfQ8j9J6H0Hbjbvjy77kPoH6BKb9Df6vie+7Zn0D5d87t+gN+/5HvnVDT6rhVNP0Nj33+XfO427xQ77igKd8mqAp272K9qqFUKoVQtOoih7703bvSbt27x++SmjvkoCnc4bFwo1wYlwIly8K5aFctCuVhXJwrk4lyka5ONPwTbW1VKrbPTp1Wq1Wq1RqUNFUqpVVVVVVcrlcrgrgqhVCqnpm33h39z3iU0U+16jFYWlPbUDchEddSqlXOTTc092ioE8aM1VAqBUCtVFarVRUVqoqKhVCgqFUKoVqtVqtVqtVqtV7l7l7k99keHgMkXKLlVyhXKvXKuXLPXLPXLSLl5VwJVwZUY5lLxIgyTitFQqlVKuVyuV6uV4V4V4V4V4VwRchRXBVCqFUKoVR2MDiS8dx7Q9r4uBIFM1MNQQiOzAUU3vO2j37rtm94q3jYgCg7nqM3HkaO84oBUCoFQKgVoVoVoVrVaFYFYFaFYqUTgVg8SJ29zGwcaJjqjcfG/cEI9hpoV++8zy7rtm94mi9KiPd9QxPBjjZaO6TRAV7xKAyNzXYads8fcx8XBkClbcIXJwRHZiNWlDbu7P6TtJLKDC9zh0uTdu7L7jEyyPtyyCJlxnk7pNENe9WqAp0B7oJIZWzR9uRgkZaYZQnNo8MJDoijGUWFWlWlUVFTKM0cm95/l1PaXdbkNu76azjYjuY6bmZh3SvLveSGmeq1WqiujPFmXFnXHmXMTIYiVcxIuZkXMyLmZVzUi5uRc29Ywy4iRHVB1FeVcqqq0Wi9qo1WsVrVXvyb913exDqMwcPAg7fqWJ4TI2Wt7vl3SaLy7BCBr11VVVVzcge65DUUVFRUVFTo1Wq1T0NtVqtVqtVqtVUqpVVVVW5qqqqqqqqqqqqqqqqqpGyOlGJxa5rFLm8UubxKGLnXOTLnJlzsy52Vc7IuekXPvXvfLUKoVQqhVCr2PI9wmiAr2iKIGvd8T3W79yTZvj3G907jTKqqqqpVVUqpVVVVRKHTRUVAqBUCoFQKgW5tCoqKioqKioqKioqKqtWq1Wq1Wq93UdEDXuEVDT3XaHuP8Wbdt2ze4U3u7nueXUIpCnNc3qrVAU73ie45A17jtm9x20fcdszbtuQ27ZPd36LtQDVxYBE97lLNJGOjyQ07NVVVVQqhVVQvE1VVVV7Pie4NHdyPftuTdu3ue2Sm9wm7po5kl7lUkVeVT3ZE0W/0/E50VFQKgVAqBUVEQmqioqKioqKnS9Dbrqqqqqmn3V7VU7KqqqqqqqqqqqqqLk1VVQqqqqFUKqqqqqqtzVVVVVVVVVVyqqomqGnbJogO2TTtVt7jkDXtVTjo6Qtbx5Fx3rjvXMOXMOXMOXMFcwuYXMrmVxhXmAuZC5kJuIDlXr/8AXb3PbOpoFQKgWi06XSNauYauIHISMXFYuKxcRi4jFxGLisXFYuKxcVi4rFxAVTs6rVVKoqqvYOqBp3PE9uf6EaCqq9I8u0dmdtxQ06aqqqrk59A51x6KKioqKioqKmWF27JNFq5DTKioqKhVCqFUKoVqtVSuWq1Wq1Wq1Wq1Wq1RqVqtVqtVr14jx78edelpVezVOPbqhqaqqqqqquVwV4Rei67qoqKioqKipnhuyXIN/wAbEbd+HKioqKioqKioqK1Wq1Wq1Wq1UVFRUVFRUVFRUVMqKiorQrQrGqxqsarGqxqlHtHTRUVFRUVqoqKioofLVarVVKqVUqqNShoqqqqrv8PEfQh/yJfHIKioqKiorVarVRWqioo/P/PxH0IP8iTwybtRUVFRUzoqKioiEN/8/E79+Db/AB3+Iyj8UO0RkP8APxHl34Nv8d2wyh27ZyH+fiPPvwbf5UPeH+fP8nfg8f8ACPV+1Dv3Wof503yd+Dx/wj1O81F5d1qCH+bL8nfg8f8ACPVL8ij8u61BDoJoq6/48nn34PH/AAj1TfImb91u4Q6HqMkn/Hf5dp0T2jog8P8ACPViPJDvDcIdDwSrX/5Dt+wxhkeYQ1rYS3ACISB7Sx+UHh/hnpxKCHe/YTf8wo79jBNrI+RjXcZjoY5Yy7HD+XKHw/yMSPYEENu6E3/Mdt2YZeEjqro+CFLKZc4fD/IxI/iCam7d1ni3/Mf49t3/ABdEHh/kTj+IIJu3dj8W/wCZJ8fb4wMfRD4f5Eo/jCCb3odm9v8AJ4tfk8WvyeLX5TFL8pil+UxS/K4pflcUvyuKX5XFL8tiV+WxK9NxkuJfL6rKyT8xKvzEi/MSL8w9fmHL8wV+XK/Lr8uvywX5YL8s1flmr8sxflY1+VjX5SJQY6OZ6m+LtRsvLTFc8Wuzh+P/ACHatCCb3oUEO1+Pevx71+PkX46RfjpF+OkX42RHAuC/HSr8dKvx0qewxv8ARRRrtXWEqxy4biuVmRhe1WOVpVpVpVpVpVpVpVpVpVpVFgxWdT/F2mScNYlg4h1OcPx/5I3Cb3ofIId8mglc+YnC6Ne6B7Tc1TGsvpntwATPGKC5RWhTRyFHDvtdG5o7UnngPnWI+LtTaRwm/C9EPx/5L/kCHej8wh2rXIhwDTXPGPoYxVpfcpxRYb4DoCdYfZ6OsMy8yvWFdQlyO0oKdo7r4JA/iCk8/TB/OsV8XabYZcI4dMPx/wCTNpMEO8Nwh26Fe1yMSnk4LYze720Df43ayRMtjm0iU/s9GUBtaXFYRmhkL3MdriPcnb4eB07uRZ0sIhT93UKd5elfIsX8XaxG+DdbI7yzh+L/ACcT8yHfCHa4sjjDG9ybhXCWYFjJi+VAECKjWP8AcmAPxCxpphl6r7MCotX8u904gtZywLhRr5mJsDppZX8FDizvbhYxDNhXxZD2tjjfIm4dqdhPad/SBqsZ8fady/KwNc5O6Ifi6HzRRnmsOuaw65vDrm8Oubw65vDrm8Mubw65vDrm8Ouaw65qBczAuZhXMwrmYFzMC5mBczAuaw65vDrm8Oucwy5zDLnMMucwy5zDLnMMucwy53DLncMucwy36MX8oQ75x1jh6ivyS/JL8kF+SC/JNX5Jq/JMX5Ji/JRqYcSfDfxOGuWPhYGQUEkTmhGQOOHjcHL1I0wsQul9cNANysLK2Vj5AWtm1MLCZmAF0zWM/k4o0ZxYlipmcFrSTLaZDKRGCoGHhr0gaLG+PalXp+JOHTncRucHxZvc1jcU8S4iwqwqwqwoQvXAeuWeuWeuWeuXeuBIuDIuHKuHKrJlw5lwplwplw5lwpVwZVwJFy8i5eRcCRcvIuBIjGQbVarURRenuDsJnjBr9DEfPRUVqosBFE7D8vCuWhXKwrlYFykC3UeGemOMZjma9YuzhNw165NrFh2ihbqWFeqmkeBFcZ64a4hnksN7cPVAtCBaFOQ1RRC/EzNChF0LiYyXxp84MVhsyZIWsXpPxrG9ob+ocMSxgqDWHOD4s3xczNi2hmJzCh+GvRX6Xqf/AEZv2gYY8KDUZYzw+hi/l6PTD7B0jyGBFJYXQODg8CarYxawuogaKrlUr1c6+kiuO9YdXGx+RWHq6BqcF5OcC84p9qrUxST0M10LmBkkjCx0RvOqiw75E9gjwy9LH8Kxu/Zdo1yGI/hwm+cHxZPkDVBL78Wa4rMKD4M6fT9UH8mb/HCOrgMPrh8sX8OQ72NHT6WfeOmE/wAxWJAdF8Tn4eOSCM2ML1cqgK5q9UdWb0NtcX6ia46Ddkb5Tg4DBG6CJxdg4yjhWRKWRzBELpGvjhbh3EKUuEfukhlqIY5OHJJC2ZF8sT58S+SFenD+BY35OzQEULiPPC+R3yh+JSPoHGplujc510hzCwv/ADdf/qne9WHQ7xwzXSKOluWJ+HId7GfH0enGmIHVBM2Zix0Jugi4TEKUko0t0yx5rifQR75zdN6XhY5IWgNbnifjm8muYECYpCHlQRulgoWyl7Q6WN0Zw0/CcZzK2ZpEA3wP/OsZ8vZn8MNLwZ8TNx58Kw8J+j8ofiKmNSUVIKSHMLCf8vX/AO1UKoVQqhVaqtVQqhVCqFUKoy9VH8OZ8fTPljzm+LId7Ej+HowZpiAh0sc6N2ExPHaepxosQazei+3Dr0sUwXRK8KSpfG0ySYkARtqTHNJG7FvEjYpnRpzaZA0bNITA3ywnwLF/N2cRtQlfvDylrZN8ovjcpN8pflOYWC/5Ov8A9y+fcYat9T/5ejAutniNTlJrHk3vSisXREaOQ6KZQyuhe3ECQh4OR2Q8ZCQH6uwPs9IWCFMJm/xmkYQdVhpGwOa4Ssc4YeOS/EIPPDiYXSY9ls6DiGy7R+eH+FYr5+zifLD4lseHY0vfLhn4cHwyi+MqRqOUvynMLA/8nWfOT5rGudwguGE5gT2gIsBTWhBjSrQQIwnNFqh8fUB/UzCwf/SwdQ7x6WqI1jHRxSuIr1xSFz0gX5GRfkJF+QkX5GROxr3Ao/x+h0qmepytb+VlX5SVfk5F+Ser6uDlUFQTcJOxDHrmvYI2Jk4YnziRnDajG1Sx6Q/JH8axHzdmfzcC1fubEvmZ/wDPKP4ypUUVL8pzCwH/ACLiGt7VcuI1XglpuR8p/ksN1jkGPVrqOaW9iFYsVw2YUBpiG9DtHId94pJmFgzXDDo4Ei4D1wXrgvXAeuA9cCRcCRcCRcCRcCRYiFzvSuC9cJ64b1Y9WPVr1Ry9yqUHFXriLiriririK8qrlHGeK3xUvy9m6kvqGIjmbHE6Zz2OjP8A88o/jKlRRU3ynML0/wD5EY6jh+5sVFwPaYqprKOdviPPiLiIvqjJVOdd2Id5RWLoGkjOiYUmQ7+I0n6PTzXDhT+AJY4yFcaVcaVcaVceVceVcaVcaVcaVcWVcaVcWVeqyPjwfFlXGlXFlXFkXGlXGlXGlXGlXGlXGlXGlXGlXGlXGlXGkXHlXGlXGlWCe98+T/PsHYoqDFPgUjr5DnH8ZUqKKm+XKqFV6ZI0wI7MeSuIFxQmvDsnKaO9cF64L1wXrgvXBeuC9cJ64T1wnrhPXCeuE5RstX6dvm7eE1Znifm+hix/L0emH2hObe2zURUX4sr8WV+LK/GFfjSj6eQjgCuSK5MqSDhBgrJ66dWtudyxXAXLlcFcBcuuAuCuCuCuCuAuAuCuAuAi20+nCuJyO/YlNI8Hy3Bk8zG4ZXVOTPAqVFFS/KnKgCrRRyujdhsQ3EN3FgqIQuGE1toT091qq5VdWr1Vyq9XuV7le5XlXFXFXFA5TCkub98IawZ4v5foY3fo9NP8gyeSGCQnqKIzxqwYuxfrhriofk3WHjquCCpYGWllubWl7ponRO65PP0sf2EduziPAKtrsRixNh4GGSRzeHNk3xKlRRUvylNKJ1efa4r0yQtxMji1hm9plfXiuDpXPYwVCftKriFcrlcia9hu6xgpic3rAGuGzxnl9DGeA6MAaYgZO1a9hOZz/ZTiBljPP0sVx3q5rjofNqgagKKWikAGVdWBkUcQ5uaexkt4V6vQdkGkp/n6SP5k/wAOzKA93qEMcLt3DZrrJJZS+TIeJUqKKl+V2yZDUcKofGWr09pdiCKrggoxAkRAGRgkCf4y56Z/sUWi/Wi0WiG69RH9vN+3ph/r543b6GK+FvRhTSfIkNHEbRUR6KVWJB4kOrcUf5vRBXF4512MwzS5wUBozWQRtJL4zIFh2XSzAuGIe3DsJyGQ3oGDR4O/o/mpvi7Mx/kcvT5I45sS5rp44JJWvFBkNipUUVJ8z9gEHKqJqvS2gSNHVJ8cuyoVTueqimKzdt6Uf4xnjPiyG3dmFYmdDNHZSgGNt4dQh364jWkG9FlQWmge9inljti0ZiNZvQh75TdL6YxjmvDi+HZ20ZbSbRFYTx2a1vHfyQsLQFRVWGAdI1rAqMcHeXo4yxHwdmLDGdpzhxJiZtCNl+ipUU7QEfySKHVtyvomVLvT3/2x1P8AAiotKtKoVYVYVYrFYrFYrFYrMvVx/Nm7x9KKGeJ+DId47N6AojWLINaF7i86Bk0TSJGvdVtXURXC9/8A5kPv9H9uFWGNijNxjNrQ65PgjcnaGhULaB/vDsVG0PvnDcPU8LURNTWNtcSZI6iFej+CxXwdls742lFsHILAYYPWP8oj7F+ipUUUaiR6iNHNoXSgIusbC/hyYeZsjOl/iNu96wNczt6Yf5hnNrDkO/tJmFhDXDjNoUwBaImuQjF5TkUU7RpWEPD9HUXjA5NIoSnlsbDK4pji4MGmLk9wij4gFJoXkTYw24jiOrhH3O4RZNM62Bekj+FYz4exhxdNJG5qKDHEAALAO9+O3j2yKlRUrirbXlN3Wqdud8BiOGYnBw6Dszx73rA/j6MIHOmwc3FbkdWjId+XSfo9PNYBnK+jcRIHxMvYoD7P27coqY0Z+n+z0NYCHR+Go57m23WJ720jidMWR0T3Bo4cszsNHGA4wtTmNEmJbxFLCYxDoosQKYqRnLL0z/nWN+LsYPzxUvHkgwIUkQfGQsGaT46t8W37RUqKc8BznVKaKkxJkVXSACQhNKbIWr03GPkk6AKDverD+t0YM0xOG0x2Z3Q7+K+bo9NOmcoc6VzQDdpA6oTnK6uWJ+Jeoe30turqUDXUUgY8HDS3R4NtQA0TGwTvvVtrHNuUBDDI69p+TFPJczaqmd7F6eP66x3h2MLpHFVjw4OCxsdskRtkx3nGaoboqVYp1GZjcCrWUCl+XPBucMR9P1P/AJOiM2TYGskucukqHfxnl0emn+bO8lXIC5zmOYhMQJJCVCaoLGn+Hc+s6RYdt2IdtRVVc5Wh7JoeHJy0jWUZGmyYhOMjVKHNaAXFgFFPssH8Cx3Zw5/gCwUiKmj4jSC04p1XMpcPJFSrFn3dA8Qn+ecTzG7nplzsq5uRc09c09cw5cw5CSRwMxBM65ly5ly5hy5ly5hy5hy5hy5hyEj3JztK5aJghoWe6A1bnifn+hjB7BtngTTE5yn3JpIMb7xNH7XKEILHH2Qi6f1w/wBj04XYx4VFTMyNY2bEUV8kkpFW8LWxtLFiYDY0Iii/U+w8sN8Cx2/Yw+sQUZte03NOix8dDKdI92+SKlWJ+bojxXt5ttK1PR+q9+lUAGq5VqrleKfutVWiw+Ic142yxnzfQxQrC3bPDm2bMmpUMdWBgapR7SyrmiirpjSsALsZ6wa470of2nFVzqntuWLb/YwGFdG7o3HKmssJjThRTqP5IfiWO+TsYBTs4cv6wElQ5Yht2HcdYdS3yTk/yl+Tp2Zkc2EXWhWq1WqioqKioqKip0SeNVVaty0ppQ0WwaaLBYkudljfP6E2sLNsqoOogajJ2FYQ3CgHZOKeiBVaUxZrJ6S2uNx7rsb6QP5DXN7qIvtbLM9yweJLE/Gxhc69Oxsybj30GOJQlkkndddiqo74jeH5Y/BY35uuFt8mA8PUYqtUTuG7yCdoYWe1nmnI7uNzugp/XhtY6KioqKioqKioqKioiETRS+Jy0rXTPTKJ9pws3GiWO+i7VoJCqVVVVU31KZrPyc6/JzrmcQuYnXGmXGlXFlXEkXEkV706pXog/sS++caL3L3L3LVarZPkQKDgq1VVVByqtcni5Ycfzt8Vi/n68EP5cIPY8XCRnDlcVgpKxA64oW4iB1Gx+ZTlIKNVCqFWlWuWFwzpliMO6KWx6seuG9NheXcJ64b1hg9pLmjrAqrSrSrSrSnNKZc6aV2dctOjZBelPo9Y348h36ZUVFRUVqooYzMuUkXKSI4ctUoMSucrirnK5yueFVyq5e5e5e5e5NqiCh7Vuq6Ar9EpjlEwyLlnrlnrlnKPD0kGyxPz9eBWEdVFY+L2hQv4ctKL1EUxMO7fKJxM6O36dt+l+0EENjkU5FYrygLDEaDKmf8A66CpKsMm/a9OI5hYv4Mh36KioqKioqKiYWxrjFPnIGGBxGN9Q/6cHiW4dPdc9riEK0tTvar1erkACrRkalVGQVtBWicQUN/TTXEcELghcELgjPEfN14Hxwj7JyiKte0xvCwkl8fqY90PkN4PmX6/R2/S/aGTU7NyKxW+G/52e8jodv0OWJ8H69vDH+ZYn4Mh36KioVRUVCqKhzcvRh/endfMim7jIvteZ6rjJ8peBsjqa06LtK5wPsm/SJAXEan4uJiw+JZO+X5evAn3E6xv4jFj2e5ywUlk3qfjhRdKN4PlX6/R2/WQzCdm7b9YpRSt5QMlo1pLbVarFIw0tcrXZlStJa5tC4a26ubaevD/ACqX4ch34uxVXBHVel+wHdFN3yf5U9trlQ5O2VOwwVfzMlDNMVc8giqevSx73+fXgBr+8HKbwpI+JG8EEaLGPvw/pwrKPLD/ACo7fr9ZjL9ooL9HY7YpYI/wNnY5MQGjlqvcvcta0VFRYkhiKpVOGk3Y9OZdiU7VuQ78O/XyEK5CBclh0yCBkPIYVchhFyGCQwOBC5TBrk8GuSwS5PArlMCuVwK5bBLHtibJ2cELpUcinr0xfvq/eBFGy6Sk2tgfxGL1Blsv6e7+H04I/JhvkR2/X6RX7X7/AHn+j4nbFbYAf0xE0Jvk3Zyl8LnNBc4Rw+CoqLFhvLndFhIfv1+lQ0j6B34vLrqVcVUq4qrlUq4q4qpWqqVU5VWJn4TJZHSHs4FlsWZT16b8VeuEVmwxqsc22clenyUkKxkfEiDaJy9P+F3zYbzX6/WRz/f7C/S/X6O2J8PTj/Uq8rWqcpBVj/5HOtLYdhnOAYK5Pe6lEeprbnQs4cSCfo9Dvx+dFRUVFRUVO/i63vFB2GanDy8QZlPWA0wqHVhfmwPxeosui/TNHRvEjCsUzhyOWE+FwrPDgJmO5WRcrIuA+s0gik5li5li5li5lq5kLmQuZC5kLmQsHTEy8guQCxGBcsMBh4bpHJrbcnJ+oET1wHKJrmgZzCsMgo6qqrU4dUW4NRlP830G+X1fUGaYmfit7DG/x4Ma5lPWF0wCHVB5enn2uAcJmlkgWAk9xWLi4kLtsP4D/rzPzeof9nZ9LNMarmolpFzaVCuag4FFSOtN4V6a/wB+cppG99VVBbB5B6QKmJvLtw00rsXlifn6JpDGuOUJCuKaibUzipmRlchM4oykLmBQTa8Zi55YeTjRZY6aSBox8xTMZM7vvYHtfgwxh0PVHS/EOEs8UfDbm5OUWnpvXD4+mn3uXqEPt/TH8N4NWhTssxLKWCQDEOxTQn419RjHJ2KJdKeK7hosITTag9qvbTo9LfCzCceFcSALiYdcTDozwLjQLjwhNmY8ubcuEVwiuFq94YeO1cdqnmBZOGucY3BBE164JJGqDEPDeO5cd6xD7pK9E4rENY3eZ9s7tJpfKUXRtPtjFqPzyisbfGLR2Jc3genv/gvV6xI4sDHGNzJLMZ35fjlbr0gVTcHdHBh2xdLk5bemqqHTGP6mB0n3e6jhO0xvXp8tzFjreMZzTXoJQOQKLQU9tp6AvTpo44eagXNwLmoVzUK5qFc1CubhQxkLSfUWL8hGvyMa/IxJ3qEJXOwrnYU7GxERyNvfI1yJr2GmjhK4Lmnrmno4hzlxXISuQy3Efte3436sl8H6s3bH4jzk3dszxZ8sjncWLFOgPPlfkSvyJRNzuYdw+/N8bwnN6AFhYg53U5OUunp+Q6cO3+pHJw3N8QV6iy4KFxjknxernXFXKuVVutlcrlUU0KeKdAX67EED5WmMmbFYV+H6KFWq6iJ7NU19EHhyc1UpnH4ZTiksZ97NWs90UerI/FvkfOXx3Efj/wDaX5pfN2bE76GJ8aJwVisoqILDttj6nIrFOcMLUZBDow/wPHuwT7ok9gkD2WOuoihlojloq5FpWyrVA0Vap4pmO1c5pdVPmllzaKCpVT3KK1NdRaEOFMoT/HliRo0+3/6t0kZo5vn/APR6k8W+MaPzS+U6OY3O3fncLi5FyqcqoKPEFqGIYU1wd0vRXqGkB1FEEKrVarVYXWE6Pgk4UlU94Y2eS95yuyrlVboaKqrnRBaFHQ5DZHrO7tsmsbRxce+DkFuFh/HKQXMiOv8A4fo46SO0fIn+O7Y/Bvm/5H7ToeOYOnaJATpwuZcn4qRGVxVyuQqVTKqqggmmh5goyNXFaq1T1+/U/A5BDowR/gxQtxB1ODkvZj5KAlV665UVMv1sqr9Pzbsj0jIo7IBbK5XFXKvfqnKDocLXs1R90LvdG/xk1ZuyPxjX/wBI+XLLMIVwMEUMJhFyeGXJ4ZcphlyuG7UkoanPLk8pxRKAJVq0CuVcwOhxQeFcg+iDqhmsnqiOY6MC7X1FtJW7xSGN0r73F2Z6addekbI7dAyKOycfpgFCN6tdSHcZ4nQxnRnlF4M1jbrHH4RpvyH5DiZYm87IF+RYE3H4UpuKw5TZQVdKuK/sOeGp8tU41yNS61VARccqFUHYtqbRnVYTWb1PyObUM8IaYzHx3w7A7bLdbKudOodByBR3TdkdugZnY9yxy4ZXCK4SEIXCYFa1MbROdRE1LVHpIM8R8bXNX7GkzdHx7x7j5TpM/ebxOzzRtyqvag6iZiJh1E0T5lVFbIyIurnTKvYcUCqo54DXEepH+Y5tQzw7f7h1WJZwpHFFVyp26dLkE3ZHboGbtB2A0lNiJJayNVW5pVVTW6OdRCrkxtE91F+0FtOMzqKagIn2u0k2l2ld8snyS7TfGTRkngN0F++nYSSXHJ0iJqtVRUGdOwUBVbIno9OP9n1A/wBg5jIZQfMFj4r2S5URp9FyCGyO3QM3Or1NaXJsVV7GAVeiRGBqtXn2hVLkKBE0Qq5NFE99q3IRIQUnyDonFJQme6ImsTyn+Uqm8ZNWvNWN8X+I3z/fRipKKqrRPdVbqnfqjr0wS8KTEyCSbMIIZRPPMl1FS5Ytlkm30Rk7YIZfroGTyOuFPemsuXgHOvcKlXFBiL6rxXkdk56AqhmFNsEM8SNFB5Nb7bf4zqHe4OFzbdLfa1tAWGnCkqWuBHU42tcbnHRPKoe+TnXqjOvQEMpyWvEl4Y5Y4Hin6Z2HYCJoia9cXk2O5UDRK64gKqDaK65aNWpX6caJoqgKKpX7VVJ8YqFXQEHKShZ+ojR1UejVVKqrlVVRKowoxDoxj9BvJs3v17NEzcjoCGWM8sFLRxWOPXXubo+Ld+w49iLyBUr00IVKADQXFy0A8yaNRcSmxqlFVXo3VYAi1OjPDb4hbqjVonijqri0QeCtFp0aLRVCqFcFVVGbjaJX3PJW6/XWOsoZUVqsRGQyCLtDm1BBY5q8THLezGU+n+mtuM0JhdmNsyadmPy0A8i1iL7V7nqlFSqJDVS5BtEXKpOeyEj0x2jp6Jm2VE4e3iVQAJLXBHRXK5XK8q8qpVStVqtVqtc8THxItkAj1V6q5nKiA6DnVV6QggnME0ZFDhH64xtPphQeeMP8uf6Qw0pYRaia9mLykKbovcUGoNVAiVuhdTVUQBVKZVXECbc80Cj2yrk+AFEUIKO/WBVFrh14yGoQ6qIdkBVVyvV6uQdkcwhtkEMsO5S4cPktZGMYKtP0gsP8mK1lTWucRhnICCNGeq5stje4uPZbodyLQrgrwjIrlRbIBxQYF7a+1VBVrUWsQ4bUZLl+okNU2BOmjarg/J/mxFWNXDYuGxcFimjDWxavbExCThrmJFxI3LhYZ6OCcenFQ8N2ZzGVVVV6aqqrlRUzjhkehhmBGCBwe0scmO6BlCaOuoL7jLIbj9JgqofLhRuVYGo4h6JJzd4k9prUIWlOhkCrRVyBVQqtV9FcUL1a5UKoVRBqamxPc1kDIkcSGpz3OyZ5J/yM3cm+Oc+sUfyHbs4gtEOQ6KolV66K1Wq1aBD3JuHCHCYnSPdniNRk3bIdDViPP9fRj0Ufk7qPaaEBlUhXVRDCrFQqhQjcuDIuFKuDMuBKuXK4DVwsOFXDtXMUTpnu6g1hGI+eNn8RWHYw4fhsVkasYnxtcyPSTGUp2ccH01HVXrAVM7lQlBgQ06pdY1G253BcuC5cFyEBXLoYdDDJ2HAbiN2as+gFS1R7nOMXKorkd69YQHaqVcVUqvYGpGEjte0xvUGsM/zQt/8Az/1gz/VrnVTC2bEuuzJor0HV6ZviKLFt26qqqg0lNYgOgvAQeDmdWrCjXMIIIZYptHReJ377Gp6iVcqVU+hcfcNk/wAusNociaLiBVr9HC28a7Dr1ARHLBPi5eXWTCiM+mfrA8Plf4V/CqwqsCx4bzRQicVwCnYSQo4SVMw0oPRP8eRFUY+zQqwqxWhU6St8o3VCCdoYNGVzFUAUGuQY5CN6xsZa/YuB74TNnHXaMHUahu7vc1R+Kk36Y43SLlpF/wCsialM3yvQNepxoKlRurkTRA1L22mD5KLED+JYfwcsOP6ywvxKqrlLEHyBrRlVVV5V56cR4KZ1ACQgbgQEWhWBWBWBWqioqIuATXA9F7Qg4HL9ZNNDlI2qbNa3jlcdy5hy470MRIuPKuPKuNKsQ4lPFHN1ThTvMGoX/qXRoTPAbtCeKOi2Um3RBhzImtDAnij07bJm6dsEU11emTdDdSJu8/hGaSVUusagPsdtGaRu8sOfZVVyr0068V4oM4kKh2T92up1PNG5MNWqV2bTUMThR1Mm7I+KqqlVKBQOQKLqKSrhJs11DIO60JoyDffIauTPBPTvcmZO2zw+GFMi4NG+UmcY0Ttshv0P8shs/dqkNWoHR59iiNG7rZP8oDpVVzr28Vlgh7Jm2SQj2FP3UTumXbKE6qXyyi8WmhxTNQUACBpk3e1EdIy/9ulZwBqHChGrXDU9sCqAyOzt2ipdoENWnePfIpoudio2xug+DLFPzcalAVR0yO2TRU5Vyf5b5N2kQzh1bJ4KFOhYUWBFNyjaj0Ds4ryWD0hx8NQwUYU/dfvom2yj8lL5ZM0ah72ObQxFHPcZWqipkArKqb2oGhkbcho1wR6qZ7oBUzf4SNo6JiedUFK3VgzcsKKz435otIk91rXG5ycaDJotGZW6a23JxqhplIgUUzZ/iyqOULqOxGjFh9k5qeLSE0VNQFv0NOR0V3VifJ3jAKQONGndSZAVKc4NQlByk8MhuphogKnbJhoZ2XCqrUZNNDQU0VQrk17U2hVFsnuucmbohPCCpkBlRUVFRW9EiY4Jz69AKca9GBb/ACS+/Ep7gwSSGQ5UquCmtDUei0FC1qKdtkzZ2rcmbNRIAOQRyg8MsQNI417CjlqEDVbr9tKPXifJ+2HddFO/MtqjG4GOO0J+pUZ03B0OQ2IqOG6rIrEc2uXCY4kAdDXURbVVVcoX2yKd+YzcEGqiLcqZ0QHTJuDRE1TzQXFNNcjkcsI4NZhG3zzYgMTnFxzGVUTREkpmQzfmzYIihTEFXKntzh+NHRPnCLi5Q7HouoqphRR6sQnBN0Tk42itV+66E6FHdRbqZuuUewQcaOOV7eg9Ro9OBaR41oZHWt6G+OVEEcgFRAKmRzCd5ZS5NNCDXM5NdayNxYMh0uNEcmig6Hr9JvintuCZm5FyMdYV+ovikeGCWQvOQ8cyiFVMyPVMPYqr945tsUOVyJyO6Z5KlwcLSo91ccpPFA0QNeyRcCcnOuj6GZkIBUyGQ6T0vFWZNNDkSh0NaXLgPDadB1KG/S/b9L9JhoTaURm7Y74cDl9kBV2gEr73ZRsLjkeh4TDoMndLtW5YcVmx2sEO3Q/yTd0DROjEgMTwo2EdDhWLIaJr65uNBU0LiE19c5vJO+NjbjspRomb9Q7e6CcKOybschvlFGZHMaGCT4/3lIhkwalE0V6Brk7xCb5ZAgoGiJrlUKiooZBy588M3XEmkWUMV7n0Dcj0OTd+wSRIdFgtpm3QxfH0S5N8smutVUR0MUjbXZtNQnD2o5MOU2+6tPBgyk8FF5fQealpoQpRXOPZHeiMVIKLCNpEpB/HXXJ+bRRqk3TdDkRQxNyk6JDkw1Dm1OHNE7ywqxfx5QspE/I5nI5N7GIj1dtg3aJ7Q10ho0OIQNwUg9qiFXlOdamvByJOTnhqa8HKdt7M4t1Sra0zCG0hq7DRaJntloptlD5SCh7v7fo1UUR03RFCotkd42cSSRtzHNWDcDF7UbU4UflZcC0gxxlHJ3lk3UBNITzXKXKPZO3UW/6YaOcFAbZJGXsRWGeCx51rmNOgphQyuVwVyuCuCqKSbRaIO9p1dNuozQqlU+JzTFGWhS7purU40GTDcIyp2WPyi3TE+Nrk6FOBamDR3tYUB7VK1OlATzdk0J7qju2Fx5DESiP0WVN9GjUvpRiWylZXKyxmWGZYxSRXphdA9873GvQMjm7yyiyCOUu6iy/dUHXOG74SS9tGsH8ifEHqTDuAZ5O6ChmU3yytCtCoFQLRGgR1TW6P8VNvk3VrU1zgn5TeSh8VNtlCfcNFI3iMOmUTPagrgiqVDiGp7y8gIbHVWqTRywuGdOYsJFGnwQPTvT8O5P8ASypMBO1OikatukNcVHg53pnpqZg4I00Mag+qrn6hBw5UA0F6KAucBQZSxcRrmkHoBV3RKKOyj8kETlNuovJcFWNCiFXphRWHbUqmUzQj1BFFfvrdm7XKbyyg1YNEEcpPNQbqffKPzTFJAJEzCakZ65F1rXEuKwcVzs52m9uHeXQxiKPoqQrk5sbk7DYd6fgIEPT4FHh8MxXMYjISqkrZbdOJi40JFpqnFO2wkBuzaViIDKmxlrp6dhzL2ZQj39E3ko/JPeQSSVBHZH+9lcSoBRmeI62pwRyG3Ucq54hueG2VUcnbrD+f7n8ssO2pyGUhRTRVFyadZH3lAVMbAyPN4ub6dGSMyts666DKmtAc91vlRDML1TD2PRWGjo1NaXJmEcUzDMagxoycxrxi/Tah7XMI1GTpKJsoOUZ1mguVCoI7Q7fOXyTd0+IyKDC0Mp0zYPbnOfd0fvLcOyG3Wd83R3x7ZYdtI83+GWH81iR7lHGZHFoijyrRF5RKGqcVunRfxZYKOruhrbjEyyNE57rdHZbrdXUOfiFVVp04mPiwshe+SH0piZg4WjlYkIw3rxODixIn9PlgJRNBlE/JpuFycjvnN5IbqM5PdcXyUTH1ULbn5naQ+7q/daK6qKYgv//EADMRAAIBAgUDBAEEAgIBBQAAAAABAgMREBIgITEEMDITIkFRQBQjM1AVQmGBBUNgcICQ/9oACAEDAQE/Af8A8hdvs2+zb7NsLYWLdixYt/Uv+8fat/dr+yl/7FX9k+yv7OxYsZTKZTKWLf8A3qzGYuXRdF1/btal/QXLlzMZi5f8df2zLFixYsW/pF/8A5v7pl/ypSdzOzOzOzOzOz1GeoyLuvxXM9Q9Q9Q9Q9Q9QjuvyJ89iHH4kmPC5cuXLlPj8ifPYjx+JMlhcuXLlyi9vyJ89iPH4kyWvp3+RLnsR4/EmS410OfyHz2I8fiTHxro+X5D7EePxJ8D1w8vzIK7sZYlSKtdYR4/Elx2F+O9Kdt0UnyXwjx+I+OzHjVcuXLly+Fy5cuXL6Hxqo020xqzwjx+M9dPx1ejE9GJ6MR0vpEacWVYKPAx7GcT1y41UHem4l8I8fiseuj46swmN/GCXuudR8DHyPkRwhST0z8dVB2sPnCPH4suR66OqN2zg4kJrCv5DJ7bm4jnkcvoi7rfCV1hU8dUSsrTeEeMblzMZjMjMjOjOjOjOjOjOjMjMXL4z5HrpPcuXH1FmfqD9QQ9wnccbsjTLMq+eEuMGrCjfcy7mzEyUkIq+OlYV1w8I8aXz26XlpqcktdPyxqeWNFjFH7xl5sbJSvhHd4P7wkr7oX/ACIreOmPOFdexPBcaXzo5PTn9Hpz+j05/R6c/o9Of0enP6KXlisKnI9cPLGt5Y8FKd9D5ZPjGCJsW5ayE7osIreOmn5YVN6WC40y50f+P/kv/wAH6iHyfqYXHWSsz14nrxIyUissvUNYrCqPWsa6xuxNo9Wf2etP7PVn94WMqMqLFkZUWTLJYIr8aaXOEv43gtMudH/j/wCX/o/d+j9z6I3tvo6zbqXisKvHZXGFfjHKzKyzLPD4LMs+wivppLbCfg8Fpq07b6IVZUmpxP8AK1fo/wArV+j/ACtX6P8ALVfo/wAtV+j/AC1T6J1XVlneKwqcdmHjhV8dLwZ8ESMVYqRWDp6GIr6aa9uH+r1ZWVFththLx1wFxgsJ8dmnxhNe16mMZGG1z4JcFNXkVP8AgcWsFG5UjYRX50rZYUFdjVpWxQi5X3jofgWLFizLMsyJDxWiXHZpYPC+ljKTwqNFKPySk77Dtfcdky1+CthW8tEVd4QpOZThlnYr/wArxXJ8lyW5UhlePx2KXjoeD10sZc4MWLHyKCSG2ZW+S6SONzknbkjKxOV8KvlopK8iVJx3ZRl8FvedUv3dOUfOFaNn2qPjgsWPXT5xqeWFxDxXkR4wZNoUUZSfI1jV8tHSxvK5OOZWOGJ33Os/l051i0mZUZUZV9GVGVGVFixlLaZcj1w5xrc4ZSw1gin5YymkLLe5niZ0XUiXOM/LR0vhJkJZolaNncpM6v8Al/HnyPWuSxYqQcj0ZG+q5fsz8tHTr9plGVnYqRzIp+R1n8pGNz0z0z0z0z0z0z0xxsu9U5H2Fx+AtD50dND2WHsyMrq5a1Q63zRT47E+OxbSipyPsQ8dGVljKzKzKzKzKW0rsUeWivD5KMvgkuGdXvIp8difAuxLnQioPsUfHtz40xWL0QV5EHlqE1mVjxZe6udRuyDVjMjMjMjOjOjOjMiTVuy9NTs0OO29K2WL0Ud6iK20yEsyuVlvcpS2sVcHqXabxRYnF2GsKajluZo/RnX0eorXsZ1e1jPG17EJK9kixbtNYpaJcaOn87ldb3KMrOxUV0ZrF+xHjCxYstDkiUr6VMUkyyHyUHzElscf9DXKP9kf6kPMTL9q6LmYUliyXGigicc0MJ1W+1HgWLGN2G79mMrlTzZTdpFRbnJyz4TGvJEfKJ867jmXeq5mMxPjR0/yRd4orbPtx40sbv2o7MreeHlC4zj/AKHw0fLIzjtrcy/bn46Ol/2KMtrFR79uPGmo/juV+cKL2sTic4LlHwhvTJ92fjo6X5E7O5N3l248aJOy7tb4wou0ifjgvgS4wbWhu3ftj0fLJqzH21xok792r44I5WvM8J9+S2x6P5JxuiSt2rbCxm+9UXtxjJSMhkMhkMh6djLg0NW7NsYdNUnwipQnT5wfOHTzyzJVkTd32UU6bqKyI9L9sjShH4K0VKD1KhNocJR512F085xtYpdBCO83cq0YShlsUeRcF2ZmRbcToY2hmHvyOjTfxjJPsXIxcuCn0jfkQpQhwi5X3pvBxkzJI9ORCEkxrsxOl8sFXi3YY9noo08zuJWwlSg/g/TwP0sD9LTP09M9KmvgVlwi5Oqocma62GrMjwZUZUNFHaCHO3JGtGW2NGN4lTp0+CUHHnRZsVGTI9N9kKajhXrOnwUeozu0hq6sW31PscIp1vTG80bolsyMrxTKqtN42KCtEq1ciKXUScrPCNWLdli5WV2Q6lSlYvYjWjJ2Oo8jp37SptJkceR1vonNy5IqzvjR8CvJ5yHugmzPDNZo9KJkQ1ZXP1DuRaauit1Li7RKFf1NmdYuGRdncTK6yzelbj1pDHyUdoIrQyuxS/jR1C918EsErKxXd5FCN5k/F4UamaO5c6h+wTsys/2yn5I6lfJ0/BX8iI8Fqp+BU3ZTjaCRU8mdNK6thW/jeHSu8Ct5s6Re8nD1IOJw7MpO8DqIZo30IjC8BxsxrTYWEaUpTyj22OohmjmKatArrbGlG7uN2VxvMylTyRHuW3sUoZI7j6jcr7wwn7qR08f9icc0bFGLityt5i5HyLXDxIwcpWwr03muihTyRuyXUSzbC/cgM6SXKOppvNmR09NwjdidjqOnzvPApwyRthW6b5jjThneFZbjLFsLFsFyZ1YnXUXYhP5KjJjVtiMSPBa4qcI7oqVlEjLMrijHkrS9uEd4WOCi/aiUklsU6qkPdlTzZCDZKMYx7FJ7DaSIV252Exj5Oml7TqadpZkUJWmKRUlZXI9U7+4hO62HjXoKe65woL24Vlt2KSvLDqI2mUqmTYY6ibPm4iM44VamVHLEsqthU8HglZEun9TdEYZFYqeLIOzM3tuQjmd2MqPsUWVn7Sir1MaqtNnS+LLJq0hdJGLvhlzbDVnZlKq4MTzK6OplJSsQrygxVFJXKvmynP8AbKbecmva+xQXyPqVmt8FeGaF1hDeCEtxDYxcFfzKELyKsssbkKrvuZbqxCm3OxUeVXKNXMTllVyjU9TZlKKjWyyKvgym9iTsuzF2Y6ecpUnCW51E36mxQnnidVSd8yKFNxhuTryjUsJ3VyvVybI6etn2Z1lL/wBRYdLvTK/TupvEnRnDlFN2iXu7lGSUtyHTZZ3+DLcq08kra01GiJHTu9OxVp5JWIxywSKuwmZLkKSvfCp06nuQpqCsjqvHCg80blkdSv2zpn7zq9kii7TRXot2lEqR9u4nYTTVn2aavJERlf8AkZ0kvfYSGVXebOm3po6l3qMpO00WUlZkukqKVkU6eSNjNYqVVYnUzCwpTbgVK8pPYuy5cuXLl8aNTJI2ZWlZDlmwjKxBbXIsWFennhh0i9mHVfxlJ2mjrFsmdNDNMR1Uvb24uzuQd1h1kLTudIr1cHwPc6P+M6j+VnSUXKWZ8YXGyU1BFapmehVJRi4ruUavt3K1RS40KTjwQqbmYfVTvsUqimroqdJGbuiEFBWWHV/xkeSUFUVmQpxpqyHXjmyled3rYj//xAAuEQACAQMDAwMEAgMAAwAAAAAAAQIQETEDEiAhMDITQEEEIlBRI0IUYGEzgJD/2gAIAQIBAT8B/wDhBYt+cv8AiOp1Op179/xK/wBGf5Fdp/kl/or/ACS7L4X/AB9zczcbjcbjcbi//vVtNptNptNrLfnH+AsbTabTabfYp82vfL3CZuRuRuRuRuRuX4R/lrly5cuX/wBFuK/v37yy91CKsbUbEbEbEbEbEemiSs/aWFpnpnpnpnpnpnpklZ+4hjsTz7SC7Gpn3EMdiefaQwLnq59xDHYnn2kBc9b3EcdiWfaQFz1ce4jjsSz7SAuep4+4WON6yz7SGRc5YHVe41JbYtjnM0py3WdJZ9pHPYY/bLjKKkrM114llmks+0jnsyzy2M2M2M2M2M2M2s2s2s2s2s2s2ssyzLEc8vqNWMWhO6vSWfaIXY1PLlvZvZvZvHJohJsWe1DyXL6iO3UU6yz7VC562ewlR4NMj2tPyXLXjuTFSWfaxwLnrcmXPgsMhgjjss0vNcmaLvBUlmljabT0mekz0mekz0mejI9GR6LPRZ6LPRY9K2Tabaw8Rc9VdCyNqF9Omj/HR/jIfQsXsOVI+IsC5oeDR8+ej8qks0Xe1vGrppeIuepisPGsxDdf6mC5cWOUsGh58ZYPk0ZfySVJZFzuXNyNyNyNyNyNyNTxq6aWBc54rp+PCUeDwPsyPp/LjPFIf+a9HnsXNbxPSZ6EhabZ6LHoslHaLrp1dNIXN10cD4bUbYm1D7Uj6fPHUwXEv5FR5Fxe0+06Gr4n2H2fsla/ThpeFZU0hdh5poFrs2s9fT/Z62n+z1oHqRNyHntSPp/njqO1F5qjyKtyMtyOh9oyVrdTYjYh7Efxn8Z/GabW3oOkqaWezPNNHyGdaIREhk/t2USPp/njN/cWP7KjFRm5GlkVi8T4NTwNsv2fd+xwvlmz/ps/6en/ANPp/Elmkqafl2dTNNPyGK40KIiDakQ8hZ7Usn0+OLd2WNRtCd1RUkWPp+kh1krxsLTJaX6PSkelI9KZ6UzRi4rqTzR0hns6tI5GJmWfbSDsaQu08mh48G7Kjkok5XsafguNiPQupK67c80dFmi56tVikII1F0EhI01ZEat83k0fDhqv7Tf8IY/g0vDjuFgTsJ3XanmrquepisPGiiTuiCi+o8iwRwOjEXL8GaXhw+of2io8o0fDjsdU2bmbmbmbn+zc/wBm5m5m5m5l6ukcC5zxXS8aetEcmzTlanwLg3z0/FcPqH1Sohmj4e1dIeIubxXSmo5PVibUWRbvQ8Vw1n94xU0PEnPaz1T1T1j1T1T1T1SM9z7rNPAuw8+wZcvSOOGq/v4aHiavl2NPy7rNLAuxPyLly5uQ5I3I3o3I3o3ovfi6/HGRFjEaPyavl2IeQ+wscGaQuxq+Xbhxm+cscdH5NRNs2M2SNkjZI2SNkjayMXfi6KifHS7OvntxfGVVw1PFiGKmnRcpZ5OiolVrpTTfUTpNvdY2v9mx/s9N3ybXa9zZK+ScXa7q+ynWUqoWVw1/EiNCLdlrqW4dCxY2kY247EbWi7Fg1v2LqZP0z4Z/Yn4DRbsosyxtHF1RHKoqa+BZoo9p54IVLdmSsQ8SavEg+lPg+Wfol4s+KS4pXFp/s2rlY2I2kPKipr4pHtvPBES3afVGl408ZUyfo+CUJXZ15R0/2Wt24+XD6h4GLtvPGC53L8NLFNVdbkZVeGMSLcNOPz3Y+XD6j4ou2+EVd93SpqK8SGat0SfCKu+8uH1HxRdt8Iq3d080fYsqaffVfrJ7HFlyLTx2r9bDrFd6D+6so7Tcbjcbi5uL0TsJ37ktSKIzUqKn1Wnv02Q0Zyzg047Y9ljaTN51Fnk5pCafY9SMWS128EZNSuauD5EkbUSVma+bFi7rDs3sPU/Q23mkc0Uom+J6kSWpGwsdmRPNLcpO1bs3M3s3yN0jr+yxasW2PJuZuZF3pY21v1IzE78dyHMbvSMbkoWo8cV2cs23pHAxYrckJXHGluDhaliwyFLFhdKJtG98ILoPoyzsbmXdNlIwvklGxpvKquq5YfOTIsWB5IseSOKOVY4JPoKklakc0jkdYcHzi7Mb6iwTVI5pPJHBPBfa70Yuj4MSsN3QnxuMQ5WVxEHZjyRPni3d1bubSOafJKqGIfNZHSMkSldigrGHTUIS6EpXdIT29GXvRS/dXVFy5cvw29RRuNCEf9LVu2KI1SKo80khIaou18iXU2/bcaFSeSD+CWBq5FDgNcE7d6D6EleluMVfgs1326F7iJcHVcWhF/tqsEx3yj1W+lH+6NXpFdDah9COB9pmzoRdnR5pcZDFI4JPoR6jRcb6C6koiRJWJdY3q+L43+0UrkF0JKzIS+CUrsUU1SMbk42NKX9aTyKdsikngmPohm66JMi781k3EskZXRe7L0tcxRaljdchSWaQyTwQHgi0ujFK/blgbI9CODUwSFgjgn0ZDxJYG/kWtGxu3FixGNiVVFFixYsWLFqtDIIdd3W1LUjKzpqZpDJLBA1HtiNXIrmuDVy1NGV0ar+3hq+RDxNWdulHEirCVyMbdR1t3Gi3Flj00Sj8EdVx6Mvud6QzS7XVG5zfU2u1xc0M/8QAQRAAAQIDAwsCBAQFAwQDAQAAAQACESExECAyAxIiMDNAQVFhcZFQgRNgkqFCUmJyBCM0gqJDcOEUgLHiRMHR8P/aAAgBAQAGPwL/ALFz/tjH5bHy2EP91Yf7lR/25Pzyd6H/AGnDej8iw+d4+qD5fH+9lflPEsQWIKoXBcFwVFhWFYSsBVD8mwLprEFVV9JiOPyXFFz6KVtVVVVVVVVV/wA2VK4rjcwrAo/C+yOiANfJy0vlGHNR3UZLJ1KDReqqqqoqBYQsKoqFfiWJyk8rEq6iHyNDgFDdCjlX1duudbHl8kkqJ3SKhHRbW5nH2toFhHhYR4WEawtKhaR8kNYN1zG1NFC2ClqIavO52x5XIfIcUXndCjlXVNLkONsViW0+yxjwsQ1pFyFsfkOHPdIlZv4RW5nn2tnQWTvQ1edbH1A7t0ChueY2q68belsFmjc4X++7H0slR3Mo5V3tZCyFvU6iHr43VuTCG5RKzBTjczrc4+2+w9fii87nmtquvG3pb0vzsiuPiyqqqqqrbWyu/DdRuob+ZDciV8R3tbJQvStneosKwrAsCwrCqLiqnysRWIrGVjKx/ZY/ssf2WP7KfpQ3Xo3colfDbTioCilfoqFUKoVQrjr6KioqKipr66mltFRUVFT0MlaVbtVVVVVVVVVVVVVVVVVmtqVPEa36qqqqqqqqqqrbH5EqqqqqqqqrqKKgVFRUWFYVhVFSziuKqVUrG5Y3LaFbUrOc7OXBcFwWEeVRUVFRU1FfmviqlYisRWJYliWJVVVXeo/Msfk+P+5BQ+eB8yx+Zo+in5JjqKKipZRUVPmmfoVVVVVVW9RUVFT5Wj6ZS2iprOKqVUqpVSqlVKqqlVsqqqqqqqqqqquompBUVFRUVFRUVNTP0GPyvRUVFRU/2Fj6kPQo/wDYViCxBVCrZX1c+gR3zA3wtm3wtm3wtm3wtm3wtm1bMLB91Q/UvxfUvxeVV3lHNc6KLXYm1sqqqqqqqqqq6iioqKip8x/Hb/coihshqaqpVSgd7qqqqqq2VVVVVVVW/wALC4oOOjHgsSxKoVQuC4LgqDysP3WD7rZlbF6i/I5SHZRAMFRYVhKwlUKoVQ36qVlVVVVdV8LK7QffWlpRyZwnDZnDWZu4Hf2ZIcJlQ1vwGHRGIrpr5qioqKioqKipdqVUoFpg4UKgZPFRrZYhRfqFdbH04k0Cdl3Vdrc1uN1F1NTr466AtGUyeMfdZzfca34zcJxWw3v3vSXJaQ3VuSFXlBo4awudwRyz/wC0b7AXfi5P+5vNB7DI6wtdQo5F39tkYwVQfQRAwh03Z+WNGybrfhNOg3FvvS5S0/Dyjmx4BbVy2pWNYvsq/Zf8LguC4eF+FUCwhNfBgLaLqqKS420VFRUVLOPpksTpBNZrPhsxuUPJ3ydNREa6O7VVVVVVdXRUVFRUsoqKipqmvY4DNpFY2eFVnhf6fhf6awsWFiwM8rAzytm3ytm36lsm/UtiPqTsrlcRp03yJ1UR6UPQK2VVd7qqqqqq2VVVVVs4XojXQ+VcBWkCL0Br5a2PyDDcYceSGfotX8l748ZqDnPB4HOW1dGma6cbvTcZU+WYC6XsnHgVgKwzVQFnGbuZuT9Mj6lPWQGtid1nrI62SquC4KgVAqBYVhWFYVhUYKioVhKofQqKl+ap91MgdFUKoWILEFiCxBYgsQ8rEFjCxjytE6iqqq2S1kD6QfWDz1fIXaqqqqqqqq70PT43qqoVRuJ1MlP0YbgfQqKioFhCwhYRvVFRUVFT0MbgfWB6gNwPpB+QBuB9IPyANwPzwfSz8mn0k+vncD6SfXz6ybB66fWxus2kT9IOriRL04btL0k6kNbUqmcU8ObpVVA1FpqPTG/JBPIKDioZnCpKzQUP2+mDv68dU6UyomqzGjRzeNjYiY9dHpp1g7D/AM+nO9ed21nwYGPpzu2+42/SFib9KxN+lYm/Sqs+lVZ9Kqz6F+D6V/p/SvwfSv8AT+lf6f0pwygbIcAnNGTyZAPVbLJ/dbFnkrYs8lbBvlbBv1LYD6lsP8lsP8lsP8lsf8lsT9S2J+pbF3lbF3lbJ/lbJ62b/ss2Dm97HdtY5jZO58VD009txOsxtWNqxtWNqxtWNqxtU8rk/KxsWJixNRaahZV6d3UlRSC2ZHdTaqKioqKhVCqFUKoVQqhU0LHasxom5ZlCom4PkuJUjmt5Kq0TLkg4UNjz1WVd3tzspJqhkW+9kVEjWCw6soR5XR6U7vuA1mEo6JUxC1rVGQUJH2sZ2RRTjzBsEaCqgjHjchqI5Qhg6qWc77Iw1zG5SndOYKB0RdHpTu+/QK0VFwnwC+JlAHd1UaXBTNEIoBPPSxo5gWFVXxHGXJSymb0gofEc4rNnEdbOTRUoxyph2XS5ojOyx/xUcq6LlFskbffWBG4PSjvhk2azQ/Jn+6Kz88Dso5IAnqhnZoh1WbI+60AFFDlY+zIs7WNHNfDlSMQEGqRiOS0RF3QLSAmOKMZDiUGspBDJ0BXw69VHE3nZnceC0BFaWVb7KLH5yKNg76vSgcrMjORzeAigeYuC7B+Ua0rbNW2ats1bZq2zVtmrbNW1atq1bVq2oW1C2gW0C2gW0C2rVtWratW1ats1bZq2zVtmrbNW2ats1bZq2zVtmrahbUKIuDtuJb8OnVbL/JbH/JbH/JbE/UtifK2LvK2LvK2TvK2T/K2T0c0fZYo9FEWfEA0ooF8mqZUkXmXIWHumDqsi1CwOJ0mCamVJRi4c4FANcSeRUGoZ0iUH5WbhzU3hODHgkoRBzeMkczDwXw2049bCQ6Fhsbq3J8oxoFn9bguFzzABOcwyKqsSqsS4+Fx8Lj4XHwuPhcfC4/SuP0rj9K/9V/6rj9K4/SuP0qh+lUP0qh8Kh8Kh8Kh8KjvCo7wqO8KBMFVVVVVMnMSNxh3F13SY0mK2TfC2TVs2rZNWzC2kIqJw84rQdJQoVp80IZMw6KPw/ujoAdlFSTR1WSH6kwcm25Q8zBToiPcFfE+J7LOzBFROEVitGTuaiangUc4ZPN5lTyj3dIIsHsha7tYbG6sjJQzeioUehuC44ZQn4eTlAcSnNaIAcLuT/aN3j+kXAv8Aqck45zXaQ5hA87W99xHa68dbwgjpmKjwsOSy02njyQAVVVVVVkwmdE7oALcoA0mdkk1vMoCsFmgx/wDpTWgXSX80R4iCbmYXCSjCUVmisFRUgOqykvw8rjdUbPhQr+WSIuC5lf3Jxu5P9o3dh/Td/iGe6yX7Rb77iw3XjpeZHnZA0VV1Iqg3ko2TVUIcAieTVle6KgxpKg6pUc2fRSc4L4meTBaPmybQ7KR48E/SgDwTPylMDJlpQY5pBrE8UHBfFyLoFHOcYhOBhcb21RjSCAbU2R63G3M9tDULOu5P9uo9tfkz3ulgOh+JAC124jvdHUXwWmfEWRYKygs2MTxsIUGYl1scso7osoebii98TNZrRAXO6gqFEnI52dTORd8OQPBObA1iCg2Gax0oRXw8oG5v4TVaVDQrjBPmIQRMJWCz21bXmgrJfEAh05J2U4RRtbdgLuS/bqPayoVQqhVCqFUKoVQqhVCqFUWMP6rhTh+m4/tuJus7385hgUc4aYuxteeqy77Gdbs6BFyDOZVKCScBJS5+UNDNfGazGwgVA2HSPZBnVBNs9tUETwFjsnwKB5i1t03cn21A7a/+4Xfa47tuLh0ug9dRnN9wgWeL0USss7vZkh+m4VmqSmJ81ooz0io5gg2pARaXdgRFABR4OnYW8Cggm9rHaqCyjHVOEhtEA0RKa50J9eKZ2tb2um7k+2ob72GVDDRC4/8A8VIHsjWqMAZGCp9kJcVxQj0QqoiNI2vus3th6XaBUCopALAxYGLA1YGLAxTa2z91gaMmyQ6rZZP7rZM+62TPJWyZ5KJzVSwwEVp5Fp91mDJgDoozK0cmAs1+TiFUripIJvax2qKga2BroZop0WT7Wt7arJ2HDizYKvRN69F7RooTipJvvZATQgqKimNQVlf23WfuukddxcOt1na7T7qn3VPuqfdU+6p91T7qn3VB5VPuqfdZNreECVT7qn3VPusP3WH7rD91g+6wfdYPusB8rZnytkfK2R8rZHytkfK2X3WzPlYPuo5sELH99VnFrXdHIDJygeVVoCYCzXiB5LJ/ttb21TLHiMnHkox/FGiE6GMIICPCFEKewRdz6Jvdeyhmy7qbVRHRVOMdQU8fpN0Hrdd33F13sbAeRCdIiUWtKkI6OcFtHLaOW0cto5bRy2jvK2jvK2jvK2jltHeVjd5WRa1xBNVjKxlYysZWMrGVjKxlYysZWMrGsaxrEsaxLGU0OdK13fUmwJ2aY8hwWdCEUByFre2okpIMB0hwsKAMnRmqHgpgiqkDY3uoiqwqioqKioqKioqKiop3welw7j7XXizNKi4l3dDSdIQC2gW0C2o8LaBbQLaBYwsaxKMU0dVkW9FBYliVVVYliWJVWJVVViWJVVVVQQtOpKf8XiQNIrh7UUxURsH7Ra3tfhaH5ORRzZEVFjDxaqnh9lXiSoZ1g/cFJSPBVkqqtlVVVvvHW7k/23PbcWG64dLSWwj1Q4GMHDlqmhZIfqTRybbE2dbma0TWa6GoKFh1kQhk4EUmKFDJjiU1hqGwNo7altgH5pKIBPOCyZa+IL80yWXgcDYiSyUXScyJkmnPq4CimYodwghbRU1WU/dcCZcb23Ed7o62lNcJO49dROwJnRP6Xa2wWcG0CLnSCcGUF6QRtd21TGF2b1Q+GK9ZDopWB3Ipj3VNbRqIlVsbDgqwQmY52d7p5idMQKYYnQEAoGNYytCCoLeC4Vs4LhZwXC3KXexNxu4m6w9bYlExpWV42dBbHkFlT+pGAtOa2JHNQfkwCEc1lLM7kvht41KGTyVb0XVNAtJ/2sNj+2qlZHKgQgZpxycMzhAQTnMaTBMPS0at3O+6wa7u0XXD9Vwd9xd2ug2nOMBzRyeUcHgtk5TNmbEFyjLtFSkQqqkUWhs+djllXdE88ynRxRUHYhxtOb7xKgHVsKLinRcY9lnHKZvcKTge1sXYWzKz8tpOdwUcwBHujY/tqsplCc0N4m49sM4OlBZKN82uud5X3drOC4a1h/Tdyg7XDuJvMPS2TR4WkKWSb7lVaDwVZKVnSx3dZd9kQolElQ4KllF0UIaHMqDBEpv8z2K0XgqBcApvHsoMMc4oox5WGx2qc1hhGtgLW6cyA507PiZScOCbqJ3JKSDuRQN49twyR73CnDm24/tuThdZciVF9OSjoxWfKPS8VlXc42BTUHLl2RzDXqpqdLBkR7krNOVlzRbnREOCZyijBVQjwKLgIp3a576kKLhI0sjCXOxzeYQ5rlezW1ULoszX4VIg3Sh21+TPW6MwwdwRDhB7DA2kdNyddPR10NBRDXQBWaeF09rB+qwZRwlwWdk6clByhHRs0RohTsL2tMyi3KV6rNZCPRMdk8K0S0oEkTszcp5T4HhcHfUu/amDJsoISWdlvpWaB2U01NgjecaqNyacLYgr4eVMZS3QdHXWd1/EDmAbh3Z4uQdhRzbIm66zIN5oDrbByIFOZX80x6BQaIBRUIjys7I5WP6VpGfVTDXdihmtgO6LmwDRwUHNgRdFje+pyp6IOaJoFtLM4fiTT1TbBchzvu73Mnm/mG6O7i6HHgVlP4giAdJtx/fcWm6RzbcgVFQFCpXfdBfw7Oiybf1X81yrnRoiXSTjptnCRWi8uQDc4cERnkmCndFjNTle1hyfuLM1GNQmGwXAL5uBzTAhbVy27l/Ulf1J+6/qj91/VH7r+qd91EfxD/DlA/xTvBX9S/7rbPW0f5WN/lY3+Vid5VXeVV3lVPlSj5Wkbmn8T2hZK47cWnrdbclZFTUbgHVMHVMbyamXtJEuhHgEITcSgHQiveKkLM5vuFO4E2xmpy8OVmeOCDhQ2fEbxWTjyXsh3uG7B7fcKDWn3Ud0pZSarZ0ugRGbc9tx97rD1vTvNWS7p3QKPIXy1sTyXxMqIchdIU3hCdbAmptje2pyhThZ8PlY4cppqcUO9x0ed7veEVQKm6TUrRk3Wt7bi7teB52ykVMx1DeiyvdZQ9Ln/wBqLiPCkYBfzh/ctDSKk0WTaCsIWc4kIOBQM58LAmptntqAE/uhlBwrYHoEIhBZRwpAJve4T1uhAcr/AG13H2FyaheiKrO48bGHcSLwbBkpUWHJ+FhyfhbVy2rltHLaO8raO8rG7ysbvKxnyokxKceTU8/qUoqpVSqlVK42c7ZWTvBCw6j2Tv3Ig0RZyszeLbHDqnN5hN72u7WUVFQqhX5Yc0WiLuqwnwsJ8LCfCgWkeywFYSiHNMCpuAvyvFpEW8dYW8DY3vvRzOC4LgtJwCgqqqqqlSJVSuK4riuK4qaqqX5EqrlVyqUCY2u1Dysp+6zPbwrYDw42R5iwKp1RuCwIJlIwX/GrBjrG9bPcb1oSsqsk0808cinZzYkou5lSKxFYiqlcfK4+Vx8r/m9JTuZvO+/vqHrN/NKwg8U5p4WZvFqyZ6bmE1ZPsjlOFG3RuTZwnY/fc78rSU53M3gYLA1YGqBaNYwxhO2ZVVNyLWAyT++oeOiiKxQdGwPHvYORkmFDsdzamZNgccoRCAC0RmwoJLShnDlckFQqlyVVCyclDUNlGdj+291Ul/FPNQzURUgVPWCCkD/4XDypu8KcT3NmUPRO76jKH2sLDQ0sLOaLSKWZJyPQbm1ZAnC1rkcyad3tkuC4KdwRtmhqGx72HtvX9Zk1/Ws8L+sb4WUyf/Vt06mC/rP8V/Vn6F/VO+hf1D/oW3yn0La5b6Fjy/0LH/EfSq/xH0r/AOR4VP4jws3I54EPx6qJ4C9lPZHUPH6k4dVKqDuNmcPxWNb1Tij31outWR/cbHe1pWYCC+qJypM/xFDvceXCMJ29NT8U1NN/qqqqqqqt6WJZzjPVZx43sqdQwdVlofnUqGdhYeNLDConccvbWC6O6ZJxg/gFJn1FQjpO5cBa4IEEQ5D/APU4SaeHBQJJ0uNzKR/LbAagDmmsHAWu77iN2IKGpnRUhC9lTqB0Tjzcg/8ALZEVCDhxslhNLAiBxUTm+V+Hyvw+VmyTsm6MW8lQqhVHLCVhKwlYVhWH7r4eGUVtPstp9kBGLY8KoZMNyp/sUm5vV3/4uZ4k2mHJRLYkHihpGS0udx/7TclfjyQtf33Ed92D1k2gQaxsNSTff76h37SnjkUQ6iIsLPFkqidgXvdyvfVZPxZVVVbKqRsCqPCqPCaJeLjieVyaleaM7Qc2Lng0WUZlKQiAKWuuiAiqWUUC2Kwf5KkFRUs2f+Sm1YT7FUKz4WtdkwIcYqQb4XDxry0pxjHlqG52GM074I0SZAKHG8ffUZV3Jqf1UEHNrxsa/koiwt4RQ5qPVVClSzOCLjxtmv8Ahf8AF0RLGviY81tW+VtB5WMLF/5WL7FV/wASpR+kqDY/TZ+Hwqj6VX7Ka4qhUIGoij8NipqSMm6EVmugTzVAqBRIuldRNZN/NA8xBNdzkmO5FEIIjqmnoign90zQCIh+JUVE5sOya8VaYrOGDLtj77gdQDGBXN3O/wC2oyxX9thB4osNmYaixrh7qG4OGUeG6XFbULahbVbVbT7LGfCxO8KIj9K/9VU/SsTvpVXeFPP8Kj/CwvWB6jAqIjqQVENCwtVG+FMN8Lh4XC2CgUW/lKDuSDrhTT1RQTlmxObWCLQAQea2YWyHlbIeUSBCPBMYRNhk7cDfnQalvYag9YoO5FZ3OwZQcJGwOCgym6C+9zGh2bwTclDSJgtJsJwuUU1LcRb3Q/UE5iha4IXD2TeyG6wv99S1rsmRSYMdQ3siFmRm2yBRB4a+alrdFxHYqMZ81/MyjnQ5m2JE1PdgV2mv3BOHOacEQu6CKCPdDsmobrM0vwdMKcQtE32d7lVX7KqqmJ3dA8DWyJRPoMXH2G5wukWA/lKa5BAppuOCbaNfNaKjKCkVNxOqiLwTB11HuU8dbM38qDfQY7rFG4QiPzBdQgUDccOq9k0nICinkW+FssmpZHJrYMWwYtgxbBnjWQtkpnXt7rJ6h7PdZ3MWZwUfVJArCqI3AeaB5FObzRbyULSOqcEEA0y6hTYwrTyJ9ivxt9lLLw7rQy7T/cqgqbRqelpWkVJu45OP5kztqCOYUeLfT6LgqhVVVRSaFwUrYXI8l3THR6Fd04JwTgih1Cbd4Ki0XOHYrRy7/e9NaNs1LdGd039uoB/RYW+lUspFZxCi5TUG62ChZk3JpXdd01MOujcluM7rV7ahn7LM/iFL0eakLc5y6KalJVndncabp62EIFNcmlA9VHrYUNXmjemv5IubTUMHCELSN/hfKkolRUeC6KAUXKAUTqQboda5pWaVCyCqoKFmFUN8n0Rh4wUeamum7DcY3ICyFyttFO4IFTHhVsIjfrqJth2UnebgaFP0Nn7VmH2j6TNQskprpbVaKnfKFtBYRcrfqq3oqNkT6Ex3CiiEDusEJxjuk7J2yvysiVIXStIZyrDuufbVcb0BVQU/Qy3woFZjhI7rBAdL2cGrSENXC9LU0XIIgXtGSgdXQ389onx9Fz5QNVBqjuos0QStMhg6qheeqwsh2RhVTmdy0VMqtlVVTKrZmttko5U5oUMmyPUqkDY63CFhVFT7qLVByooZIQ6rFFfzMi32kpOc3uv5b2O97sRhO8aLV/Myns1aDnA9VmnUQtnPczZn5TKewWjk4/uUBojop2nVzUnw7qkeypeleqpqQUmqOVfHoFDJNgpm460drhQ1bs6m66LYr+a4DoFoZOPUqZtB36W6yUwCqQUnLgVgUsmStiVslgVB5WJg91PLBTe4qWTJ7laDQ1TdeGg3wsp+5OfycBZkyWNotm1bNvhbNvhOGY2Y5JvQoQA1TSKKe6S1EAuC4KoWILGFjHhY/sic4n2UUd7O6VVdTAKZMeaLHVFjD0WU/cVlT+oWZO68dUztqjZLdZ3DZHUkI7tBCFFH0EZ9FVyY/JkxobGZz4FZQikSngvAcY2NjlIGa2oW1C2q2idmGIM0LKhcFRYdTLee92ioVRUU+KhuZ12iLDuMDcHW8U3rZ73Q5S1krI3qaqVhvgBoWEKgXBcFVYljKxlDOMd0aLPew97DfiZNWa2lju+6sQsdY6xo6J3dHvuAsyp4iw29FHVQukehE3Y6gPfPkLSTuzbIo2P7IWFHcBY7qU5t2GohfzhbDVxRgNMlQsG4G0WEXgOaaGDgmdrc3zugudkbCo0VTcjrhZ3K+I33Q3PNKgoa3NjZEIbl0FbkVG41eyYOlkSonV9bo1Pew3oa8pqMdRO+DezhWwXIilyalaTuYU2g9101JPII9TZFy6XK3prRGr0RDVRdIKDfNnJc9YLG9FAWwVCp11IsoVF1bsSYKV2LPFzobM0boNXlPKHSag2ZUSd9Fk5KDR5U1G5PVi5HVRu11s681OwKO8DUP6iCMOO6xF0IL4gtaolTtF6eshzWTARviyChuUOKhYz0PREVEw3OgvAIhALso20luBtj+Vdkb4uUUTubLJKO6SshqYKDU7dqqFggis650UBuJabHFOGoFyRuwRGsFgHFHeI32v4k2Z3Ox3bXxvQuObYQh3tBHHcg8WEWZo3HOFRrc8+1hHOyG7QuxQCLbIHhZWSNyBCidRNoPe0asi3NNdynbNE3qKJrcF6C6XuSkVNRtFgcOFkdx0RFQazytN7QtLKkouybs4WRFgHG2POzqjL2VYbsSom2LEAhZHipT19FRYQsIVBqI2SN2GqjdmheNkqLDErSyYUohaD/ACpCPZTYVO7otJWGHdfzH+F+ZaDQLucKGyObO2CAt6qB3aZVVK5G5GE96N02G6LYgwKi8y6LpdiVE2Z5oLgPNNhOKDRempsCwBaJIU3krApAKSmpqV0t4qBuZ7ruc1pzl/MaVEajrqhZCyJqd/jadZHldhZE0UrOlkAg0XILOdw1ELKqMdRK58RtDbnHjZILSMFMRWEWQc0FE5DwoOEDdnbnMrysib4si2qzsp4ui4d3PO2PO4boNkGoNGogiQdIVFpeeF2CA1M1AqEFKydklO85pXw2ia/muWaOCotG/pCDuaJGk3pdgbZwPtrZKaG5f//EACoQAAIBAwMCBgIDAQAAAAAAAAABERAhMUFRYSBxMECBkaHxsfDB0eFQ/9oACAEBAAE/IfAXDGhH5zKLBi85kMG/ONLMS5t5GEQiBxHAQ8FJZUefOs3fzbt51aBhCQ/8BY7xohv5x2fv5yzjwWp5t5hsJQL/AIK5Ew5E583a5k7ebYsWPNYJ1Ezu/wCC1I1DaY0w282tnbzhgvODxDc2LUShR/wkiQ8d/m8vOFki9PNtIWXe3/DSaHlH5rAbec8/mngOwgf+IkMh8+aJcPAsLzWUTL81e0hKFf8AFXUaF+aWXNDD5p5fm1uW2LZ7v+KkwOB582weZeB4EhfMtHcPZaiUKF5ltPFi7xohv5pI7hm7+ZzmBp5lp7BZnt5luEO7jxUkK1xXU+ZzGl5p0OfMtCkeBYPMsLF/FyhqG0NMNvM4+xl7eZ0F6eZfCElV5l9BJceOt5Gjv8zoLE80ZO3mWltiWnfzDcIy4EoUeRB4H5jXLO95m5zW58w8DMIShR5iZmp5FZUPnzDMbPzOQ+bzDS+wsy28w+gkuF5JcB4V+YSXXA8GDy+gyzteXdlIy0eXbhDu+RKEdEyfBPY7TtOw7SJEhUOQ5hmEaEiT5hrI3teXyDwLHl3tAsp4keI8s1H08RMlsZ4Z6+iJCL2ICUgKGQXm5eYXVb9079W4CR2HYdhHYh00HMchyGTzL6rzDyLE71gikUggikUjwXtAkuqSSSSSSakoQYqvONWkmHPgwiGxDY4jiOA4qUCB3HcSEtzkGpQxko6nV6yeR3DvdL1wEtiWx2HYdhDYgQI1jVSR6IOY5jmOYhuQJW5PPh2CNBLQgggggggggggggggggjodkO7Eh1cH2Ppqrb3/AHn6WcfuGvT7n7mR6yAos+wSLq9K5KMeezzBr8OxC2IWxC2OAhscRxHB0FTIQqUkSBDc7juO4luS3J7nN1a7AjnRPInmd07ozyIekMEGwi2nuSt17lt0eqpBBBBA1SCKuCw2htbm0hNWStyVuT0kxsq0dzkLqFKlSpoUqpTlJjRHfy+kyeYsH5dQpbGRV+Np+BPCM/WDm+D9CP3oXonEp0sCDCe5+pnMHuP3GZyBIHA/Yex8COi9iVZPYa9D9B5yxciTkOq3pBYlENyG5yEN6b5GgxodG44Gr5h/CvuhCSmNVWUyajKuq2gMa55bF5iyfl/Ealc2+hGNl38nBCNgFtsaKGeWNilXGUtUTgug259obAe1Hu/cbH/IbDT1LP5BM/iUkvCktyeVTmR2Z3Q96DSh87PLZDH5hYXyqMiBtojIeUnR6HARcIYipSZogSSTT2iRbxipJZ2Y4kNEhLh5q1oZuJHLUCcL8tnFlPy2QflmEbkaEELPlEOYcslPJjkaJTA7C2yJ2L2G9XsEgOQvrTKYZyNSMuhDNCKEoLi9cCkNpSeVwbMaDETHcRO/ldDQWPK5DVLy2SR7pMStLyjrN0Aha+r3ZEThuw1LJJWJEY2xlDliU4Us0jaNUvjKo6aREjCoaGoI1cWMtNAiVzkWBrDSGh91/LZMw+VwMXlUJ5bBCDWwkkoXk5mcWuS4ANlQzHCyxG8ZIhMXsiRt0+w9uoYRLW9okReVCaRNCEECZVkyZUjSTbqScnoNqiz08NEs2g40OCyNhnyuXyzoMvbyuHcsnNvoQrav5NLdAY6WoWSXCI0PTEAkvYs2QkQtpRlx11JR20sDLlR9CchuaQImHml7CIBjGliuh8dvLOL7+WNbyiMhb21NsWlPJwMrWUFo1XbkiuTGxsGjJYoWEaKEtMsQrChQkKgxkQz4BqRSJfrE01es+IHBZBPo5UOP2fKtLM/Ksh+XymEb+6dyAfW/k3g3eBtQLKMTOGB3hIVvNSFci+7Ls+bg2IZBe5EoG6D6iQQ5kDmOY5CVui26JEQaMwQZd1hiUiQ7y1RAPfymA/D5XUz4XlNCO44xSXkkvwInBbd0OEoWEd4G5ZApeg0KSRk7jEQl5pkQpk6RHkuwkaH3I60JkyW5DMCur0yASNYHidnlM5g/5IhNKWwjck7eTvZdgs7zuxAhiXEsMlvQnssHb2RRgsDbeRmdkQwwqQKSnIaYLCHcFSnmBvRBz/AxNlwfclfct9i+53MncJ3nKOU56XOTV2icL0x5TKfI8pkHo58o8ESOWgVaX8k5jvA4407R3HGm7ZM5pqMkC4lSYPTUCb8ixCzS5DJlY7Rwhgj6Tl8CF9Bp8/EgI3CPsIA+1rdn/gbTUBtKg3aQkKdN7iIvk5DmOQ5CVuSt/GYvKC8oZF34iIW3kUMwIlBZ7CEiwhpCQzXmjlkCEaRL3k0UqtDGiA4iDuBA/BtsQtkcD2OEcI4VduE4adjGBDOaUCBA76Z7k9zkpuQ5CN1eRwHFRMTpYJCXQA7CG3TBc1QjShuQ3HnBqvYlbkrclbkrclbkokknwm4Um9encWtNexPw/k5vk5vk56ZvqRJVNPHOOcc4JwRcptF13v8AQYyK4gcpyEdxHdWSIgI7DtF+gmVIHD1JF5OQQ8NPymcw0sQiEQiFsQ2IbHEcRwHCcZxnDVORmAmLMyPJHcjuzvZ30u9SmJiVA5DkOc5zlOQsdyW3aRL/ACFsSWwnieg4AkgkytxK2fuW+xG73kJf2n7yOgmw6D2BW7dhNEy3uoUl4f1G1Aa+wl9yW47h3Dtfsdr9j1kSBAiiDLSaZsXgE5U+TWXkaf8Ajty+UGyxQRJJJJJJJJJJJJNLFthIS0jMEPbOH5Hze4933UiNCT3+x+1H60cL2OKcM4xzo5kcir3heUl9Aa8eTzRi+/k3lmC8k8BKBeFJJJJJJJNNEicvytoYZA8k7qC52NPJYu5m/J6eTa4ud3kokSOfJNwuhqEMZxMz5JInuPPkmQ/D5J5GS8lhD/IlC8k5iMKF5JjwumBKyjT8ksu5c7+SWewP/wAWZrQXS28loECl5fkpkI9d1Jf0Y8ryTuoaV5HQsfd5LEyfknyLCeRaEJcePJTWRnPPWkiY6B+SXAa0eSsb4fktJr8i0ISlF5JnEhKFC8joohu8+DoNCZR5FJEPHkik8r2/4gVtO/kdAgUvL8jDZGq6c7SdpO3oQiu2od47x2MjsyHRByHMcxzHMchDclbiRZhk3kX4DB5HMYPI3W3FZeQaELeePIxWRq+IgQPYfRC2IRDYhsQ2OA4jiOI4ugDSF0DvO+hLd0RqNx3HoPQTsXQNOSNJNqCNEHayGzO4d6tc5znIchzHMcyORENyVuai2/kMBMvIvKEJCF5D1hLd+NoCReRQU5U+RNdYRC2IWyIWyIbHAOI4kcY4RwnCcA9kSlJUu8d73O97nM/cju/cjv7iH+h+xn7H0JLukilvI1Oeqv8AvEOAcA4BG5Eb0RxPSek9J2jh0EyWPo/M95PedwjuI7iGzOB9AfOcg1iwocmOZHMchyENyVuvC9kTleQUNKjyGYzeQzGS8jlF5BuBLwqCEQtiFsiFsjgQ0iwiTsjiHA6ABwfJ3ffwu8Gk/INSmhvw+QuYw/8ABJmt+QkcIiR47cF+AwoXkkhx9R5XkFjuGlH5C1O/kPyGvyH5CsvHiQs3enkHLwhKFC8m7iw+3kFkNp5Cx+/kMRh47LpbePg9nXyDN4QkLeVhWysE3kF7fkMgnKXj/hMXjuJC8fQREjx5EIgeH9wJv9h98cI5DhCbYZBBBBBeVhiuvHS6Y0+OwdjH4+XkGX1R4MSNZ6ePM4Xixsyz0H1s+hl+TtmQWI+KmfsY+xCS5/IPjUm0A1rjWiHQFBKY1K4sbHs+5K2+5bb7np9y+w7kek9J2onaMiGh3hUCW4nuO8drIbMhyQochzHMQ3ItKBtZK3JRNJ8JX9X47F1IIIIIIIIII6b8Xj6aNRnzTUJxZFqhFgrFqPElGAaGuiXuzke598Rf3HOBYxeFCIWxDY4BCmhUjk4jipQIkCG7O9nezuE9xOiNCFz6ABBQEFG9Eb0RvR3o70eih6CAUtYW5d3JyOx7E9g9AvuTl95+xnH7qMf0A/rB/wC8j6V/Y0Gt32EpWNidSBmc6kSCRfuR+hEdn7HA/Y7ntQ5TlpkNB1u3c4RxjiHEOY5CVuStyenEj4XioBlMZvob+B9HlEHyFq1rDRBBHRBDLd1Q1o8ZJ7Q1y48bKZPxsO4s3IalJp4vJSV+BKSSUJZLxkLRST3HAOIcQ4xwjhHGpOM4X7nd9zmfuQ/0GmoJ2UZNOi/FpDksOmaiyg47xeHQ1FSQa64PYZUiceM0LF8c1+MjQi48kbsrt4usNhC0Nze3n40QmS8a/kZHd3Y7omhHxthLzew/FalOig0O2HgwuUa+rNDVH02x5VDT4xdQdpoSyPpCRMXVp8fluUdhCtZPEdVCQ3VW2luKy8WAI3l48Zs3yi+/eruf5YhJA8QVFKB6B7tuhpRBxK9WKDXMRkSjgHCGTBuSJEMitmMbTxrPXPW0dMk6vA2J28V7eMqpvIMteBeLaeK0ISbS8eK3GSW9rbhEkKs7RO0ctBGcylssL6YX+Whbv2R+tDVqFvoL6B+hUrh9jNz5z9ligZqTYm1DcbkNC8hiRJdmcvuJvc7WQ3E0qKC4GfuZAm8+N+ATleLn4zY8yPlik2Yv4mqttI3687z8VuEXbgVvEQksSdwY6+8EbkkkkkkmpIkSSLo9SZeDYhELYhbCwpQqCBDdnczuZ3M7mQ9xD3EMQH6QdyJ2klDGD0HoJ2InYTs+SdhOyoEhIS3F/VJbiW4nuO8drO1naztZ2sjyRIkRMixJNzVtK/3xye4LZ9jNV8h9kz7AfZOgfovnSrF4FTmAkLKOZHIjkORENyVuStyVuSiSSUi/AKyheIvuP4T4TmCJ4vsvxXdQPEH4uDuP4g3ZmfitLR2RYgkluS3ZLdnMJ7s5hzCe7JbktyJC6stsQtiFsiFsQ2RDZHAjgOA4jiHBgSwWVCPPuR59yPPuR3fuR3Z3s72d47xLeS3jZOFJm+bkfWQUFG0d6O7qK3BCW8TvBqPFyUJyp8TIP4nKa/EaEJL7dE9M1bgWbTxJJbWwJQrdCTbhKWJJXsnyiLqbfkiE8ZpyYCcqV4iw4epA8RZ7B5Udck0kky9h7PuST4T2H5fEYWPETOArKPEbbwsCsqtElzbCXZfRazyxe5s4Eg7NRkyTlKwCbaU5q3GS/AIkheDEiRrUaU7gQ3IbkNyG5K3JW5KJJrYWHTxGYVJJpJJJJJJI3KGuRJPhaTD4i8RiQmrz4kjQFZQuhRigh2Bu0PVMfKWW0hxp5iUsjJr3mXVGQk3nDbyTSZuYLcELYhbENiGxwHBQ4CGxAS1bJB2eSJAgQ5o7mdzI5ZHLIe7L7iwGmUj7k8kvcl7kvcl7k8ncSqRMISyWSyXsS9iXsS9iXsS9jsGlk8M7GdjOxnqPUQ5IckCJEREJjJIjucxDchucxzEN0Q3IbkNyG4ncwIbohuiG6IbohuiG6IbkNyVuQ3IbkvQ3IJCJJJJJJJJJJPVEj1difCQlyaz0u6hikjDqnqSHH1IE9U0kbokZDu3hycD2P0I4ughFxPcnt9z95Ib/AHIbvcSrw5tGRk1YgQkkkmufK+2xYtsYCOBHA9jgexGxexGxFtkW2RYlGkB6KewbkoFiQkoL7I+wPuD7g+4Ps6E+yPtKIsIXNpkSLOdz1PVnqy+7PVl9yGL0Hci9FxnLzUkkkkkkksQxj6BJJPTNJonZeCSSSSSSR0bGy3s7+QwLCCEkkkjyJ8J4G4nokknohQsL5JJJJoYZYmG2MmfoRSCKnZ1QgRSRlkT8FCS3QESQqT3ZLdktxyDkHIqBARuHqEPRncdx3HdVngSJMhECgoySJ2E7CdhL2JexL2G3sS9ht7HyPEjo1CYmIJiZJNsl50SSSSSSSTRM4E4UEkkkkkkkkjgpH4vSDXcabPcf+gP/AFhcWafI5uBUggjwAEEGSi8DQuZcl5fRBBBBBBBBBBBBBFII64IIIpFWMZ8zyIkJCGxDYjsRI7ENiOxHYhsQ2IbENiGxAhTCiPVzuZ3EPdjlm4lShWVD1B7Yex9h/wCUP/MH/gD/AMASrFF9KEQQJC8I7Jq3VHoJ4E7EcCOBHAT2PQDaBMTExIQQR4MdMeOxjMfI5CF/wGMYxiXiolkIIIIrohlhliwF4EEEEEEEEEEEdcEeRdGMz8hwCEIXn2MYxi+yKiyoggggg1CwJSpiow6BIVi8WCCCCCCCKx5VjGfC8h8kQhC8+xjGMT26vzCQgkJCRBBBA0NUGrmAvEggggggggggikdceIxjPjeQ+cKi/wCAxjGMS7tQi5+4kJCF1sQaMReJBBBBBBBBHRFIpBFY8NjGYO3kPlUQheeYxjGMaEI0hCEIXUxjMRUjwoIIIIIIIIIIIIpBBBBHisYz8HkPkUQhedgdDGMYx/MIy9hCESSST0NjHUXRHgQR0QQQQQQQQQQQQQQR0R1sY/Iz5AhCF5iCCCCCBqhjoxix3xH4RCFREkkk1YzXQhBHhwRSKxSCKxSCCCCCCCCCCKwNDGNHzfIZe4hUXkoIII6IIIIIGhBjGMYkEvBU9DpnWikEiIErhD6opBFIIIIIIIIIIIIIIpBBBBBBFIIGhoYz5fkMvcQqLxI8k0INVYxYTlCPleI6mdMVzQ1OBhfXmkEVggggggggggggggggggggggggggggaIGhoaGi7vkeDFzWTRKc9OTuIQhdcEEEeVQaGhoaGhbvAjPxsfUrFqFLheBFIIIIIIIIIIIIIIIIIIIIIIIIIGiBoaGj5VII6s0QO2iLlQs2rbGajjQjXkhxX8ghCELpggjxYI8FiDQ0NDQuXeoseKsPJkEEEEEEEEEEEEEEEEEEEEEEEDQ0NCWZk79EdMlCwfFktNkkv+QVYWyiC4xlE+YqvyEKipAlSPEgggikEEEEEUggaGhoaGhovFTg8bFGHlYIIII6oIIIIII6WhoT2hq/gxYyTCvgds2S12zLCwtlkkmmnDWGKMJid6/mEhURFIF5tjo0NDRcd1Uw+Ky6gXm4I6YIIIIIIIo0L7Y6RSOv95u6U+ZAlRIgXnWOsDRN5CRmKheVjybr8wQND8CBrVfFKV3b6Vt7iQiBCXnmPoZN31XDxsioXhhfVz6ufSz6afXT6ALc9s5BvTPaeH9e5w/r3ITySYhkMiTYX+lVBR9zN/3B9p/o3l/fY/b6n6fU5v77H1z+j6EfSRwWk5U+oH2iPuhHrjw436gfW1qThJS2Iu0mzRw3Zkps6MXdiEhIXn2PpWDuwvkLNPEv1WfvM/bZ+2z9Fj+/P1WNoR7mRSmLhs+4Z96xwybIseiSGmPVhXSW7n7GJqJXsizLQ5JH90Kh5xzzl0ZnfTH1x9cP/OPri15KofhUdY6lI+ZXNkrMfA7cyWyCKL8gkJEf8Bj6YkSGXPkL8PjSqhzLIigpSkJHJq0MTgJKFk5sc/ZtBrUo6Y/mYqXEfuLtI4639DDJTU0pJJJNEPeLPeRHid+4sOWu0ej6skL/AILH0RRIRs1GfjPHiB9QPJPa0gclxtmq8lXgbZM5Y9YKK0pkQ4eTDDSNkTM3dPBWR30hL/DBvqIsEmGle4s/I1GxGtVmBLHHjW+yNDurB040LaSRKZe6o/BVYtu+CXcZ3MOHb+v+T31LRmfjPCvke/hplXHkn3ZYtNj8t6Nkn+QBr7g7UTO4thkkWcHoSSZW1g96BuMcZ20PceCGQrke7Mw8sEIFF0SfuI1g2Fm0adgWGwAMDZBeBENw5RxIxMzgjYMDVf6LHmWVJKaIbSNLBZd96YvDNYuDgTdxI7n/ACK+pY5kmLyHT4aONEIcuBDIs2Zl7EpIaxd/ci5DvPQf9iIKlpsgqUiVNrEEuh7CyalMjO51BqlyepPgjYRW26Lkg0W8QSFPcJXuJ5BuW/4JGDDiSFNzL0sjIZJ0/wAGjaWLbkaRN3WUib5RuXqkVOEOjTuMSCSlhsNXJDL2MRJ7XDVHcIPkFy7+LV/p1svjT+RjG23PGyM9gfQvS6wQhs+5PuT7U+1PvWfus/ZZ+8/6P3n/AEfpP+j9ln6rP22frs/VZ+mz9Bn7DP3GftM/VZ+6z9Nn7b/o/Zf9H7L/AKP3X/R+4/6P3H/R9I/6H/jv+j6t/wBCaRMTTumtehbu/wDPyIxyrnEn9f8Agj+n9EN367H7j+j63/R9ZPrYv88fXBa/uobLYmJVguFdDEE0Blj6w41FsuKbku7JcC2iFpxahmadwIcoqesrL+9Q8haB9wDEzVJYSL4RqLGReTegQp+NSx2rJxLXoXwWp0DU4TfcwBVCZGVldoQ8DiUJwYf5uH2GHBGjMlx4IMXl+G0jC0Xqd8iUJN2znwCloldsZMnUTbQ4JwDgnEGl/Yfvc5fdFue6ch848hQ0MWyw+Y8I8HvHB7h9xH/uD7mfax/6s+1n3E+yn3cmybZqu/vAyOQlUjTBOL9HvBCF46xyQ/giR59yHPuR5JUlOm2riFfWj/xj9hn6bIwUlkSv7GHIou6IOcj2Mv7tvUV0Vi1PAlWYfDaEWDM1s3YlAvpCBbsP3OYGN7SezA/d24ltH4lCvi4I5bNpARze2WQsSSVEjCTwykbiFtUxQ0V4ELkgsnDEQhGIL/CELrOymPliVFjQ0Mi7vSTOESsqJc7U0+/hJKLdiWXllrt6yT5Tlwh8u+DwCqYFB0WBFppQmlh56DvI/wDAlySyWS9yRJL3G+SeSSXuyXu/cl7kvdkvcl7kvdkvdkvclkvdkvdiQm7oMwVVDSY7ApbhE6re2/iIQseMsN3KohHaiP4oRBBBPcN2E5pGLCM2Wo4F5VkpXMtrJQoHrlI1ITJdybLx3OR7l0N4bPV5kGrEhEEjlF+cC1DfuiWzcpA4KuXFQnFmLDICTK2y4xBj1mpPxYl0SkTcpluSfQ8C1pcHQ0jalKcYGcvlaiBYw12NCJ/Sj2+H4TSFZpD686iW6RdzdiZ21GlrVNdZzYuV6z+ERdq1+B56KmQQRRBBBGhBBBBBBBBBBBBFO8v5VR+cU0eJ+CHlOsk9iiEYeNc7iqqd0z+aF0IT8ImQ1S6nBeSxO4sxaQpk0S0kJkksLdl4RE3HHFrh5ACW9ossJTjjQY2JvlxoNTQbVoPiXaY1uV6lJIak0J2etjsSnljhd2YWQlD1zcPJJ4HO6/whRNsrbDIsf8QzmjJASfVamwUZYm6DW1IvXTE8JsGdkHpZCQsQYrsaL8iQyr8Sk0Ne2Nl1okuSbvUy6N3ZEEEEEEEEftzRBBBBBBBBBBBBBY7T8VRnHURY4bDMohJQlVJ9J/NEY+Msv2pQqRjcRkLolqGsiuUVzI4ZATtARsjL3CQrYMipIl92JC99TJ3FQ9IR28i+TnUfIp+R0lMCckjCQxUa9X0WLUm7O6bkuT7iJwC69gVoRXkbIeCCED3EvXYkkpgYHy2ZELCBB5NxE9Ln0RI0HZDMhFpSYO4kUHt4XwmiO4jLbcsJawjSvF9VJUvQX1NfgDwhsJkXWYp6IU4RlXNF/YdUEEfvyOEpbSXJ98ffH3x98fdH3R9sfbH2x98ffCZhnrTsD+HRd2Bu6/kPDjoxeQzccMXRPeKMuosur1RGIcsYZudW0rstoVxNO6FJLZdyQv6ujG5l7nfxv5qqT/cEEKzYj2YB9d1iAqhbJSoU3E5Ot14Xci3y6lqifl2nKkc7ZdOKWmhuFBWaJwKEFlfIkdujy/Z4TwSga33sIoZGf1LtgOvxjCixn4xlXM/b5rBBBBA17j+B23T0x4rkt5wJMtgddH2ImNXQ5jFiiQeQvIO9QWBV4fRicvpYoglz+BiQJtfaKZX5JLg0KLaJrZj8szvsaHZh0JK+CcmTaJQPDnb2ja2TTQ/8mzjLJDVCJg/cunKI+MbCl23OhPqrHuokTWral+WJFN+B4TSmwieVlBNmWMqMwh6aJFlJ3KB5b0UWwqhn4xlXIu/VmsEUgg+B/ATF4bQ1CTgZQQJiTiFr+wUksx+DglM1kwrK4p30MgMFNohNvklwfHOkohGlBpW9YEgJZwTXqhm/KLmHzhc96Ze5Lxw/npYW7aFpValNcCpn4ySmt0JRYVEbDllX8dNWtIbMux7iiuUhMylrZTBLn5j9Nj++LcL5hkXoJNR+huywQOKkPtB9zRAjBpElLmE8Ckw8pNeovW27HKcTuw0bM1RDC7l2GkIYVcWHxRnOB6Xwm6Fi5uC41hFDz3/CYXkcbGQcUJjGyC8T8DiZ/QyrkfEf5pEq5q0d3yQep4arJFuFk8Xa9pE9TLjUa6wKES1KLrQTdKN4yfvcCe9Ia2vlnQToSdrra8DSlMXzlCyZKU+BipEuQ81yJvsvRWReGamfj8BMKiMiW7QpV6rYDdQcYcY8IcYcQcSiHEFrAQ3WoNkOkcEcccagEUvpBQ1+05ftEP6hJf1Sf+E/YpP/ACj+hG71e0f+BG7X7B5bTuJCOKXs5+FFiBOCUzeVFlujkfVIw43gZNwtoTL3mHgYmT0Muh+b+aNcrfPUsf0TsWyjuaglskWGsxBBs4/OkUqWw5mGHxsX+U5JQ9e4n79mLb2DRqUoYbfkumBp5vzI2UpdNe7k0BLmHOJITUFd4D4pzd+AY6LI3CIzDoiNGS8dO4vVCLRu0qpKnC3Ui1g3jMxmBadFgPvD7w+8PtD7SuMMAlY9ygEzJIHK2a2HN/OfZn3Y3560gCID6g5nsjmeyOZ7Ily/sjkeyObSGF22RWUUv7zwZWswy+e5kFMiSu4PeBLo55aWJLFPgr8B0pl9B5pJ5JCo4ZNZyZcq36hDQ5ZSLN4EUspqzQ1zMiwjeyFLsSWtVk1QW9nrTPt/yNhhHKOX0Nv9bP2s/az9jP0M/Qz9TGSeTGpZbqBIZbdPyEj6FjnSos+PEr3XoR6mTpUxjSewlauyTSstPYRY3wVl7H059OWQfXD/AMwTfwCf9Q9h7DRp9iNZXLObkItkzIJdR7ElonsNP+Cf1E70exL6El/gn9T9oP3g/eD9IP0g/eD9YH+qJuU9AfneDLVqoHtsSF5N5tF0PfZb4/EK02xBcaCFCRFyvxnSmf0GrmwSd2KBWUPcY6kZS1HwjyDQakW6J2J0X6CCjSTC1SiZ3Z4ndQxqUa0aLFMf2XHolkx5pVdg/mEIc2zew4pWhbDVl/g/Qj9CP0I5fg5zn+DlJ3DFk4odfPRg7Ei4dCWvdPIr7hCEIWSPc00WsD0CGCSJzVV2SGMWWkbTHI8wNbkLZzKU0cbeiHLi2YNW7JBYQ0FVSUxkaibPwZM6ljOPCeE5ZvJpilYlSJLAWhZqo2M7gObFgD9q/HVdVGf0MLF5jEZMAlKMMlNa4Kl8KxLS4QzJrM47bjVkSJeLf8DQnp6JG5Uf2KrwJhkSMjJ+i3MwoDZySiOSczBLZiBtzS5D268NIvy6TtNR8iqt2pY8ZZfsMFVER2NUISEryhnZsR2U1M6M/BUXFkjLQ9ng9/js4kZuxkMa2HCfCTrDFDvfvR2Lm3scyE4uxra05j8F4TLuENmQ2JXEUyYyxLzJM7o0M5eEjGsy2Tf4J6L3LyOBDiWXwZlyOR5QyA5qw3HT4i6Uy+lDGCBZnQaQ6B1uiIGUt7EFQ0HKaHKONdtcfhogJpPkNBZeiSdxUfLZr80FGUaCiFsIahaPUlYzoOIidUErV6h7vIsNBZ6DgVqmNmcu41SvQzBSLmafx0YCRFshYql/lqqx4yTxNMwoqdmpqIeGwkXwyWo1hiu5GVGSJWJE6nsjQzoibsRL7k7zC4MxWrOU1oIJu2ktKxrgRwM9TlpkgfsfzFe17RFtpld6jHSGo7YHnEShM3m/lkMN2MYGfuLfo0O5+E/NdOzHblty27jU6S8yrady5DY2C2gjwlYWbmG5f8qanwulIMWhOmEpIFAihkOJOxJR6jErxx1fEMHca0aoWBNXE/A8+DrSQe46PznY38Ogks2XyJARg+h+AYnN9xCPZsMrkZwdNCh+olV/ghtocMlkU3awNZM2nRcKmf8AMNCTuItEbQpLAQGB2gOdV/JYbk5Q5Qtl9xbERTeOUxRmE3A8rLKEyxsVJjxMic1jV8E+1DVI1T0FLQvLL3DSLCVaDxiAe7wW1EamwaUF3fGbRo8ISxFKxPcxYsSPJa0cmdo/saULo89x5V0WHboTyNkRKlsjATKuJk4VxwYHSuiGDdpjDqv7gsZg2YoI8QciOREt0S3RLdEt0T3RLdEt0K67p35/LozFzuDGqzww64+Msq3RnFUZnNaiNCQgzmEuJ2AtEMad8DV37KbJI9kMxYwV2mMyvcUN5OVrFYzOHY39Ey29xqLeJZUNo0Mk1a132FjvnMJ2Fwp2G15X4FcTPLGvkWoWrs5QiLQlu7ISGRu9IkayeFuyy/KCCziU7G+kwJzATkS9Ro9DwnspU2X4+R/YdSIrcRDds0ROBGhc+SN2YjQks0ZqLDt0K+xYclYYtmjIGYSLGSfAhmtjdiGJU7NdXyxg7Vknw/SCfPR8Yi/QSY1SBzF5G1wjdUZHaVqFRCl1zQHxItBWE73gv2XFCITgzhVm9keX3Fgng/gWBCUmlgKNgWohWU7mJ0285uJQwZEtEIyNBriVPAF4BqpaLXYUnWc5SBgJtguR0VhqutJA+HI4mDcqdCctOZ0gajX8p4K0XhS/gcyVdbdU3maZELJBoZC16mGC521lg1RoqmoU3fwSQzlj3oXidTC5cp0NBGyz2grnpWVcMu7b8Uggjw+xHXx0NWfYSC4m2Y23SNV5JjDyO1bvoREtzoKfLgRjcuXBAYoQ7Dri+Hahg1HaYYsn6lmhtSQj1NSWOQksCVs2hjMGNzhyMWtnoXVoN0xQJjeE3d05s3vtsPTbeG+Bzq8ucqUOldqeBrtmQmVBuGbcaJCUbwSku2YmktqtRbXHsx/o8qKFatBybSQ5O4JQ+Q1wQkTd9HoLDv0GBlYeIHvwpAdyZWsOjwFswmIaIEMFAfFhKvd15npQ');

-- --------------------------------------------------------

--
-- Table structure for table `employees`
--

CREATE TABLE `employees` (
  `employee_id` int NOT NULL,
  `position` varchar(100) COLLATE utf8mb4_general_ci DEFAULT NULL,
  `department` varchar(100) COLLATE utf8mb4_general_ci DEFAULT NULL,
  `hire_date` date DEFAULT NULL
) ENGINE=InnoDB DEFAULT CHARSET=utf8mb4 COLLATE=utf8mb4_general_ci;

--
-- Dumping data for table `employees`
--

INSERT INTO `employees` (`employee_id`, `position`, `department`, `hire_date`) VALUES
(9, 'Driver', 'Transport', NULL),
(10, 'Driver', 'Transport', NULL),
(13, 'HR', 'HR', NULL),
(14, 'Tour Guide', 'Guides', NULL),
(16, 'HR', 'HR', NULL),
(17, 'Tour Guide', 'Guides', NULL),
(22, 'Tour Guide', 'Guides', NULL),
(24, 'Driver', 'Transport', NULL),
(27, 'Tour Guide', 'Guides', NULL);

-- --------------------------------------------------------

--
-- Table structure for table `itinerary`
--

CREATE TABLE `itinerary` (
  `itineraryid` int NOT NULL,
  `custrid` int DEFAULT NULL,
  `tour_id` int DEFAULT NULL,
  `descr` varchar(255) COLLATE utf8mb4_general_ci DEFAULT NULL
) ENGINE=InnoDB DEFAULT CHARSET=utf8mb4 COLLATE=utf8mb4_general_ci;

-- --------------------------------------------------------

--
-- Table structure for table `payments`
--

CREATE TABLE `payments` (
  `payment_id` int NOT NULL,
  `booking_id` int NOT NULL,
  `amount` decimal(10,2) NOT NULL,
  `payment_date` datetime DEFAULT CURRENT_TIMESTAMP,
  `payment_method` varchar(50) COLLATE utf8mb4_general_ci DEFAULT NULL,
  `transaction_id` varchar(100) COLLATE utf8mb4_general_ci DEFAULT NULL,
  `status` varchar(20) COLLATE utf8mb4_general_ci DEFAULT 'completed'
) ENGINE=InnoDB DEFAULT CHARSET=utf8mb4 COLLATE=utf8mb4_general_ci;

-- --------------------------------------------------------

--
-- Table structure for table `promotion`
--

CREATE TABLE `promotion` (
  `promoid` int NOT NULL,
  `dis` decimal(5,2) NOT NULL,
  `date` date NOT NULL,
  `tour_id` int NOT NULL
) ENGINE=InnoDB DEFAULT CHARSET=utf8mb4 COLLATE=utf8mb4_general_ci;

--
-- Dumping data for table `promotion`
--

INSERT INTO `promotion` (`promoid`, `dis`, `date`, `tour_id`) VALUES
(1, 25.00, '2025-12-31', 5),
(2, 15.00, '2025-12-31', 3),
(3, 30.00, '2025-12-31', 7),
(4, 99.99, '2025-11-01', 12);

-- --------------------------------------------------------

--
-- Table structure for table `ratings`
--

CREATE TABLE `ratings` (
  `rating_id` int NOT NULL,
  `booking_id` int NOT NULL,
  `customer_id` int NOT NULL,
  `rated_user_id` int NOT NULL,
  `rating_type` enum('tourguide','driver') COLLATE utf8mb4_general_ci NOT NULL,
  `rating` int NOT NULL,
  `comment` text COLLATE utf8mb4_general_ci,
  `created_at` datetime DEFAULT CURRENT_TIMESTAMP,
  `updated_at` datetime DEFAULT CURRENT_TIMESTAMP ON UPDATE CURRENT_TIMESTAMP
) ;

-- --------------------------------------------------------

--
-- Table structure for table `tourguides`
--

CREATE TABLE `tourguides` (
  `tour_guide_id` int NOT NULL,
  `license_number` varchar(50) COLLATE utf8mb4_general_ci NOT NULL,
  `experience_years` int DEFAULT NULL,
  `specialization` varchar(100) COLLATE utf8mb4_general_ci DEFAULT NULL,
  `rating` decimal(2,1) DEFAULT '0.0'
) ENGINE=InnoDB DEFAULT CHARSET=utf8mb4 COLLATE=utf8mb4_general_ci;

--
-- Dumping data for table `tourguides`
--

INSERT INTO `tourguides` (`tour_guide_id`, `license_number`, `experience_years`, `specialization`, `rating`) VALUES
(14, '567544', 3, 'history', 4.8),
(17, '12345', 4, 'nature', 0.0),
(22, 'dtu674', 2, 'history', 0.0),
(27, 'tg568jgn', 5, 'nature', 0.0);

-- --------------------------------------------------------

--
-- Table structure for table `tours`
--

CREATE TABLE `tours` (
  `tour_id` int NOT NULL,
  `tour_guide_id` int DEFAULT NULL,
  `name` varchar(100) COLLATE utf8mb4_general_ci NOT NULL,
  `description` text COLLATE utf8mb4_general_ci,
  `destination` varchar(100) COLLATE utf8mb4_general_ci NOT NULL,
  `duration_days` int DEFAULT NULL,
  `price` decimal(10,2) NOT NULL,
  `availability` tinyint(1) DEFAULT '1'
) ENGINE=InnoDB DEFAULT CHARSET=utf8mb4 COLLATE=utf8mb4_general_ci;

--
-- Dumping data for table `tours`
--

INSERT INTO `tours` (`tour_id`, `tour_guide_id`, `name`, `description`, `destination`, `duration_days`, `price`, `availability`) VALUES
(1, 14, '12 Days Historic with Simien', 'Itinerary: Day 1: Arrival in Addis Ababa, city highlights (National Museum, Entoto). Day 2: Fly/Drive to Bahir Dar. Lake Tana boat trip to island monasteries. Day 3: Blue Nile Falls and Bahir Dar city tour. Day 4: Drive to Gondar. Visit Royal Enclosure and Debre Berhan Selassie. Day 5: Simien Mountains National Park day trip from Gondar; stunning viewpoints and wildlife. Day 6: Drive to Axum. En route scenic viewpoints. Day 7: Axum city tour: stelae field, Queen of Sheba\'s bath, churches. Day 8: Fly/Drive to Lalibela. First cluster of rock-hewn churches. Day 9: Lalibela second cluster; optional Asheton Maryam. Day 10: Fly/Drive to Addis Ababa. Leisure and shopping. Day 11: Optional Addis surrounds (Adadi Mariam, Tiya). Day 12: Departure.', 'Historic Circuit (North Ethiopia)', 12, 1899.00, 1),
(2, NULL, '9 Days Historic Route', 'Itinerary: Day 1: Addis Ababa city tour. Day 2: Fly/Drive to Bahir Dar; Lake Tana monasteries. Day 3: Blue Nile Falls; transfer to Gondar. Day 4: Gondar castles and church; afternoon to Debark or rest. Day 5: Simien Mountains National Park day hike. Day 6: Fly/Drive to Lalibela; first cluster of churches. Day 7: Lalibela second cluster; local village experience. Day 8: Return to Addis Ababa; leisure. Day 9: Departure.', 'Historic Circuit (North Ethiopia)', 9, 1499.00, 1),
(3, NULL, '7 Days Historic Route', 'Itinerary: Day 1: Addis Ababa highlights. Day 2: Fly/Drive to Bahir Dar; Lake Tana. Day 3: Blue Nile Falls; transfer to Gondar. Day 4: Gondar castles and church. Day 5: Fly/Drive to Lalibela; first cluster of churches. Day 6: Lalibela second cluster; optional trek. Day 7: Return to Addis Ababa and departure.', 'Historic Circuit (North Ethiopia)', 7, 1199.00, 1),
(4, NULL, '7 Days Simien Mountains', 'Itinerary: Day 1: Addis Ababa  Bahir Dar (via Debre Libanos and Blue Nile Gorge). Day 2: Bahir Dar: Lake Tana boat trip and Blue Nile Falls. Day 3: Bahir Dar  Gondar; castles and Debre Berhan Selassie. Day 4: Gondar  Simien Mountains NP  Gondar (day excursion). Day 5: Gondar  Lalibela (Drive); visit Awramba community if time permits. Day 6: Lalibela rock-hewn churches (two clusters). Day 7: Lalibela  Addis Ababa; shopping and departure.', 'Simien Mountains + North Highlights', 7, 1090.00, 1),
(5, 14, '6 Days Northern Tour', 'Itinerary: Day 1: Addis Ababa city tour (Museum, Mercato, Entoto). Day 2: Fly/Drive to Bahir Dar. Lake Tana monasteries. Day 3: Blue Nile Falls; transfer to Gondar. Day 4: Gondar castles and church; afternoon rest. Day 5: Fly/Drive to Lalibela. First cluster of churches. Day 6: Second cluster and return to Addis Ababa.', 'Northern Tour (Bahir Dar, Gondar, Lalibela)', 6, 999.00, 1),
(6, NULL, '3 Days Simien Mountains', 'Itinerary: Day 1: Gondar to Debark, enter Simien NP; hike Sankaber area. Day 2: Trek GeechImet Gogo (or SankaberGeech) for panoramic views and Gelada baboons. Day 3: Morning hike; drive back to Gondar.', 'Simien Mountains', 3, 550.00, 1),
(7, 14, 'Dalol Depression Tour', 'Itinerary: Day 1: Fly/Drive to Semera; permits and briefing. Continue to Hamed Ela via Lake Afdera (salt lake swim). Day 2: Dallol hydrothermal fields (colorful sulfur springs), salt flats at Lake Asale, camel caravans; sunset photography. Day 3: Return via Semera to Addis Ababa.', 'Danakil Depression (Dallol)', 3, 720.00, 1),
(8, NULL, '5 Days Danakil Depression', 'Itinerary: Day 1: Addis Ababa  Semera (permits). Day 2: Lake Afdera; drive to Erta Ale base; night trek. Day 3: Sunrise at crater; descend; drive to Hamed Ela. Day 4: Dallol hydrothermal fields and Lake Asale; camel caravans. Day 5: Return to Addis Ababa.', 'Danakil Depression', 5, 890.00, 1),
(9, NULL, '7 Days Danakil Depression', 'Itinerary: Day 1: Addis Ababa  Semera (permits). Day 2: Lake Afdera; drive to Erta Ale base. Day 3: Trek and overnight at Erta Ale crater. Day 4: Descend to base; proceed to Hamed Ela. Day 5: Dallol hydrothermal fields; salt extraction sites. Day 6: Salt flats at Lake Asale; sunset photography. Day 7: Return to Addis Ababa.', 'Danakil Depression', 7, 1250.00, 1),
(10, NULL, '8 Days Danakil Depression via Awash', 'Itinerary: Day 1: Addis Ababa  Awash NP (game drive, waterfalls). Day 2: Awash  Semera (permits, Danakil briefing). Day 3: Semera  Lake Afdera  Erta Ale base. Day 4: Trek to Erta Ale summit; lava lake visit. Day 5: Descend and drive to Hamed Ela. Day 6: Dallol (sulfur springs), salt flats, camel caravans. Day 7: Return to Semera/drive towards Mille. Day 8: Return to Addis Ababa and departure.', 'Danakil Depression (via Awash)', 8, 1390.00, 1),
(11, NULL, 'Erta Ale Volcano Expedition', 'Itinerary: Day 1: Addis Ababa  Semera  Erta Ale base; evening trek to crater rim. Day 2: Sunrise at crater; descend and transfer to Lake Afdera (swim in saline lake). Day 3: Return to Addis Ababa.', 'Afar Region (Erta Ale)', 3, 680.00, 1),
(12, NULL, 'Full Day Addis Ababa City Tour', 'Itinerary: Morning: National Museum (Lucy), Holy Trinity Cathedral, Mount Entoto panorama. Afternoon: Merkato (largest open-air market), cultural coffee ceremony, souvenir stops. Evening: Optional traditional restaurant with cultural dances.', 'Addis Ababa', 1, 120.00, 1),
(13, NULL, 'Half Day Addis Ababa Tour', 'Itinerary: Option A (Morning): National Museum + Entoto. Option B (Afternoon): Merkato + Coffee Ceremony. Includes transfers and guiding.', 'Addis Ababa', 1, 70.00, 1),
(14, NULL, 'Short Trip from Addis', 'Itinerary: Day 1: Adadi Mariam rock-hewn church and Tiya stelae field (UNESCO). Day 2: Debre Zeit crater lakes or Menagesha Suba Forest hike (optional).', 'Addis Ababa Surroundings', 2, 220.00, 1),
(15, NULL, 'South Omo Valley  7 Days', 'Itinerary: Day 1: Addis Ababa  Arba Minch. Day 2: Dorze village and Lake Chamo boat. Day 3: Arba Minch  Konso  Turmi (Hamer). Day 4: Omorate (Dassanech) and Hamer cultural experiences (bull jumping if available). Day 5: Turmi  Jinka (Ari). Day 6: Mago NP (Mursi)  Jinka  Konso. Day 7: Return to Addis Ababa.', 'South Omo Valley', 7, 1080.00, 1),
(16, NULL, 'South Omo Valley  8 Days', 'Itinerary: Day 1: Addis Ababa  Arba Minch. Day 2: Dorze and Lake Chamo. Day 3: Konso terrace fields; drive to Turmi. Day 4: Omorate (Dassanech) and Hamer village. Day 5: Turmi  Kara or Nyangatom villages by Omo River. Day 6: Jinka  Mago NP (Mursi)  Jinka. Day 7: Key Afer market (if market day)  Konso. Day 8: Return to Addis Ababa.', 'South Omo Valley', 8, 1190.00, 1),
(17, NULL, 'South Omo Valley  11 Days', 'Itinerary: Day 1: Addis Ababa  Arba Minch (via Butajira road). Day 2: Dorze village and Lake Chamo. Day 3: Konso (UNESCO)  Turmi. Day 4: Omorate (Dassanech), Hamer rituals (if available). Day 5: Kara villages near Korcho. Day 6: Nyangatom visit (conditions permitting). Day 7: Jinka  Mago NP (Mursi). Day 8: Ari village experiences  Key Afer market. Day 9: Yabello/Sidamo en route. Day 10: Rift Valley Lakes (Ziway, Langano). Day 11: Return to Addis Ababa.', 'South Omo Valley', 11, 1590.00, 1),
(18, NULL, 'Meskel Festival', 'Itinerary: Day 1: Addis Ababa city tour; introduction to Meskel traditions. Day 2: Meskel Eve (Demera) at Meskel Square  bonfire ceremony. Day 3: Meskel Day celebrations; cultural experiences and farewell.', 'Addis Ababa (Festival)', 3, 350.00, 1),
(19, NULL, 'Gena (Christmas)', 'Itinerary: Day 1: Fly/Drive to Lalibela; evening Christmas Eve mass (per calendar). Day 2: Christmas Day services; rock-hewn churches. Day 3: Local village experiences and return to Addis Ababa.', 'Lalibela (Festival)', 3, 420.00, 1),
(20, NULL, 'Timiket (Epiphany)', 'Itinerary: Day 1: Fly/Drive to Gondar; Eve processions with Tabots. Day 2: Timket morning ceremony at Fasilides Bath; afternoon festivities. Day 3: Gondar highlights and return to Addis.', 'Gondar (Festival)', 3, 390.00, 1);

-- --------------------------------------------------------

--
-- Table structure for table `users`
--

CREATE TABLE `users` (
  `user_id` int NOT NULL,
  `username` varchar(50) COLLATE utf8mb4_general_ci NOT NULL,
  `email` varchar(100) COLLATE utf8mb4_general_ci NOT NULL,
  `password_hash` varchar(255) COLLATE utf8mb4_general_ci NOT NULL,
  `first_name` varchar(50) COLLATE utf8mb4_general_ci NOT NULL,
  `last_name` varchar(50) COLLATE utf8mb4_general_ci NOT NULL,
  `phone_number` varchar(20) COLLATE utf8mb4_general_ci DEFAULT NULL,
  `address` varchar(255) COLLATE utf8mb4_general_ci DEFAULT NULL,
  `registration_date` datetime DEFAULT CURRENT_TIMESTAMP,
  `role` varchar(20) COLLATE utf8mb4_general_ci NOT NULL
) ENGINE=InnoDB DEFAULT CHARSET=utf8mb4 COLLATE=utf8mb4_general_ci;

--
-- Dumping data for table `users`
--

INSERT INTO `users` (`user_id`, `username`, `email`, `password_hash`, `first_name`, `last_name`, `phone_number`, `address`, `registration_date`, `role`) VALUES
(1, 'hh', 'yedidiyab55@gmail.com', '$2a$10$Rv0l31tUfoc6J2wlEJgCmu0.0/NNnkibvtxkYL2plDX6LJkt880f2', '', '', NULL, NULL, '2025-10-14 00:52:22', 'customer'),
(2, 'hh2', 'yedidiyab5@gmail.com', '$2a$10$4KJxFdgh5ZZe3J5iLM/MbOcJ2VsWiwRmNs0hTPuWcqf.bFAsG8AkS', '', '', NULL, NULL, '2025-10-16 00:29:59', 'customer'),
(3, 'Tes', 'tes@gmail.com', '$2a$10$y6f.pUZKfmQ2deljSiAzw.ZsBHKHmF0FrL6UMufH/xFBz2fwu0hrK', 'Tesfa', 'Beyene', '0987652314', NULL, '2025-10-16 00:42:45', 'admin'),
(4, 'abebe_k', 'abebe@example.com', 'password123', 'Abebe', 'Kebede', '0911223344', NULL, '2025-10-16 00:46:30', 'driver'),
(5, 'mulu_h', 'mulu@example.com', 'password123', 'Mulu', 'Haile', '0911223345', NULL, '2025-10-16 00:46:30', 'driver'),
(6, 'tadesse_b', 'tadesse@example.com', 'password123', 'Tadesse', 'Bekele', '0911223346', NULL, '2025-10-16 00:46:30', 'driver'),
(7, 'hanna_t', 'hanna@example.com', 'password123', 'Hanna', 'Tesfaye', '0911223347', NULL, '2025-10-16 00:46:30', 'driver'),
(8, 'kebede_a', 'kebede@example.com', 'password123', 'Kebede', 'Alemu', '0911223348', NULL, '2025-10-16 00:46:30', 'driver'),
(9, 'hana.wvh2', 'hana@gmail.com', '$2a$10$LbJNzrOwqA.nP7xNHGazfOiJMUuZqCNDpD8EuV9Ubum2eDGNNbrBm', 'hana', '', '+2519875643', NULL, '2025-10-16 01:28:54', 'driver'),
(10, 'blu.2h6d', 'blu@gmail.com', '$2a$10$m21YxJvBft7NI7toQmPWZOIunjpzy095dukGUvWv/MarHng4gCYfq', 'blu', '', '+2519805643', NULL, '2025-10-16 02:48:09', 'driver'),
(13, 'danu.v1zk', 'danu@gmail.com', '$2a$10$Ma9jXJ3jRsV5w5TbInO8AO4rzAQFDosMCpcX/j/FMEYbpEVLoucNW', 'danu', '', '0987654334', NULL, '2025-10-20 00:20:57', 'employee'),
(14, 'londa.boyr', 'londa@gmail.com', '$2a$10$Edri2fTLUEdhwKTyr/HEqemV7dws.mpXZXXvQzbXCYw7ySar8t17y', 'londa', '', '098765656', NULL, '2025-10-20 00:59:20', 'tourguide'),
(15, 'arsema', 'arsemateferi79@gmail.com', '$2a$10$1L2.3kFC9v8R17/R1cPyG.eJBu3Tmc.bxo/O3sAZdhahXpcD1AU26', 'arsema', 'teferi', '09876543', NULL, '2025-10-22 09:59:52', 'customer'),
(16, 'selam.iao4', 'selam@gmail.com', '$2a$10$hyWpGOroj/WvyJ7xFSq22.on27ltkfywjLcj8xsUZLMFI7eVzlue.', 'selam', '', '0954455445', NULL, '2025-10-22 12:47:03', 'employee'),
(17, 'solomon.l1xz', 'sol@gmial.com', '$2a$10$RP35F82INoCfYgTsTAVQHOFv426KPnXyBVMACl1PYQOruALit2Rqa', 'solomon', '', '0987788787', NULL, '2025-10-22 12:49:27', 'tourguide'),
(18, 'arsema12', 'arsemateferi89@gmail.com', '$2a$10$e8dp3nehDGnnC9a6OEdQVO8ozTASy8MekbbrvAXaxJrixlNJszlbu', '', '', NULL, NULL, '2025-10-31 11:00:57', 'customer'),
(19, 'abel', 'arsemateferi57@gmail.com', '$2a$10$xEHjCNvjZgrB/798JIwmle93QHvZnob2xgTtoguxt.6xQzucfjTgO', 'abel', 'tesd', '096854532', NULL, '2025-10-31 11:03:24', 'customer'),
(22, 'selam.9nof', 'selam123@gmail.com', '$2a$10$wPsxpRZj9qj04uQ8zCPCfuwzRglR56zUsovLuMqWymDz.M.YapQTe', 'selam', '', '09786534', NULL, '2025-10-31 13:57:15', 'tourguide'),
(24, 'abel.ctn2', 'abel@gmail.com', '$2a$10$PpLVuiUkxQ7RiIDUxK5pI.GZfnuEeAbi6FnTkqD/KzSnYsK9se6fu', 'abel', '', '0978653456', NULL, '2025-10-31 13:59:16', 'driver'),
(25, 'helen', 'helen@gmail.com', '$2a$10$JwOR3YPXAsvYqQfMHp/XA.jcyo.PPNeP/wF7MYOfOqjje6jcxe2Iq', 'helen', 'bdelu', '09785634', NULL, '2025-10-31 14:09:29', 'customer'),
(26, 'mia', 'afomiya@gmail.com', '$2a$10$qIRg81Vo9Q/ISuROcBwtY.evlGVHwgLNoZIrTTzQaCZaEPyQzQ9y.', 'afomiya', 'mesfin', '0902467542', NULL, '2025-10-31 14:23:47', 'customer'),
(27, 'arsema.teferi.mvad', 'arsema@gmail.com', '$2a$10$dEg4Xc/56BH58ZczuXSXVu54SmAHfTT23k9HLV9OTSTDdEJAAF3Iu', 'arsema', 'teferi', '0911986745', NULL, '2025-10-31 14:34:43', 'tourguide');

-- --------------------------------------------------------

--
-- Table structure for table `vehicles`
--

CREATE TABLE `vehicles` (
  `vehicle_id` int NOT NULL,
  `driver_id` int DEFAULT NULL,
  `make` varchar(50) COLLATE utf8mb4_general_ci NOT NULL,
  `model` varchar(50) COLLATE utf8mb4_general_ci NOT NULL,
  `year` int NOT NULL,
  `license_plate` varchar(20) COLLATE utf8mb4_general_ci NOT NULL,
  `capacity` int DEFAULT NULL,
  `status` varchar(20) COLLATE utf8mb4_general_ci DEFAULT 'available',
  `picture` varchar(255) COLLATE utf8mb4_general_ci DEFAULT NULL,
  `image_url` varchar(255) COLLATE utf8mb4_general_ci DEFAULT NULL
) ENGINE=InnoDB DEFAULT CHARSET=utf8mb4 COLLATE=utf8mb4_general_ci;

--
-- Dumping data for table `vehicles`
--

INSERT INTO `vehicles` (`vehicle_id`, `driver_id`, `make`, `model`, `year`, `license_plate`, `capacity`, `status`, `picture`, `image_url`) VALUES
(10, NULL, 'Hyundai', 'Elantra', 2017, 'EF7890', 5, 'Available', '/images/hyundai.webp', NULL),
(11, NULL, 'Ford', 'Pickup', 2019, 'FG2345', 2, 'Available', '/images/ford pickup.webp', NULL),
(18, NULL, 'Toyota', 'Mark 2', 2012, 'AB1234', 5, 'Available', '/images/mark2.webp', NULL),
(19, NULL, 'Toyota', 'Coaster Bus', 2018, 'BC5678', 28, 'Available', '/images/coaster bus.webp', NULL),
(20, NULL, 'Toyota', 'V8', 2020, 'CD9012', 7, 'Available', '/images/toyota v8.webp', NULL),
(21, NULL, 'Suzuki', 'Swift', 2015, 'DE3456', 5, 'Available', 'tes/public/images/suzuki.webp', NULL),
(22, NULL, 'Hyundai', 'Elantra', 2017, 'EF7891', 5, 'Available', 'tes/public/images/hyundai.webp', NULL),
(23, NULL, 'Ford', 'Pickup', 2019, 'FG2346', 2, 'Available', 'tes/public/images/ford pickup.webp', NULL);

--
-- Indexes for dumped tables
--

--
-- Indexes for table `admins`
--
ALTER TABLE `admins`
  ADD PRIMARY KEY (`admin_id`);

--
-- Indexes for table `bookings`
--
ALTER TABLE `bookings`
  ADD PRIMARY KEY (`booking_id`),
  ADD KEY `user_id` (`user_id`),
  ADD KEY `tour_id` (`tour_id`),
  ADD KEY `vehicle_id` (`vehicle_id`),
  ADD KEY `fk_booking_driver` (`driver_id`),
  ADD KEY `fk_booking_tourguide` (`tour_guide_id`);

--
-- Indexes for table `customer`
--
ALTER TABLE `customer`
  ADD PRIMARY KEY (`custrid`);

--
-- Indexes for table `customers`
--
ALTER TABLE `customers`
  ADD PRIMARY KEY (`customer_id`);

--
-- Indexes for table `drivers`
--
ALTER TABLE `drivers`
  ADD PRIMARY KEY (`driver_id`),
  ADD UNIQUE KEY `license_number` (`license_number`);

--
-- Indexes for table `employees`
--
ALTER TABLE `employees`
  ADD PRIMARY KEY (`employee_id`);

--
-- Indexes for table `itinerary`
--
ALTER TABLE `itinerary`
  ADD PRIMARY KEY (`itineraryid`),
  ADD KEY `custrid` (`custrid`);

--
-- Indexes for table `payments`
--
ALTER TABLE `payments`
  ADD PRIMARY KEY (`payment_id`),
  ADD UNIQUE KEY `booking_id` (`booking_id`),
  ADD UNIQUE KEY `transaction_id` (`transaction_id`);

--
-- Indexes for table `ratings`
--
ALTER TABLE `ratings`
  ADD PRIMARY KEY (`rating_id`),
  ADD UNIQUE KEY `unique_booking_rating` (`booking_id`,`rated_user_id`,`rating_type`),
  ADD KEY `booking_id` (`booking_id`),
  ADD KEY `customer_id` (`customer_id`),
  ADD KEY `rated_user_id` (`rated_user_id`);

--
-- Indexes for table `tourguides`
--
ALTER TABLE `tourguides`
  ADD PRIMARY KEY (`tour_guide_id`),
  ADD UNIQUE KEY `license_number` (`license_number`);

--
-- Indexes for table `tours`
--
ALTER TABLE `tours`
  ADD PRIMARY KEY (`tour_id`),
  ADD KEY `tour_guide_id` (`tour_guide_id`);

--
-- Indexes for table `users`
--
ALTER TABLE `users`
  ADD PRIMARY KEY (`user_id`),
  ADD UNIQUE KEY `username` (`username`),
  ADD UNIQUE KEY `email` (`email`),
  ADD UNIQUE KEY `phone_number` (`phone_number`);

--
-- Indexes for table `vehicles`
--
ALTER TABLE `vehicles`
  ADD PRIMARY KEY (`vehicle_id`),
  ADD UNIQUE KEY `license_plate` (`license_plate`),
  ADD KEY `driver_id` (`driver_id`);

--
-- AUTO_INCREMENT for dumped tables
--

--
-- AUTO_INCREMENT for table `bookings`
--
ALTER TABLE `bookings`
  MODIFY `booking_id` int NOT NULL AUTO_INCREMENT, AUTO_INCREMENT=14;

--
-- AUTO_INCREMENT for table `payments`
--
ALTER TABLE `payments`
  MODIFY `payment_id` int NOT NULL AUTO_INCREMENT, AUTO_INCREMENT=2;

--
-- AUTO_INCREMENT for table `ratings`
--
ALTER TABLE `ratings`
  MODIFY `rating_id` int NOT NULL AUTO_INCREMENT;

--
-- AUTO_INCREMENT for table `tours`
--
ALTER TABLE `tours`
  MODIFY `tour_id` int NOT NULL AUTO_INCREMENT, AUTO_INCREMENT=21;

--
-- AUTO_INCREMENT for table `users`
--
ALTER TABLE `users`
  MODIFY `user_id` int NOT NULL AUTO_INCREMENT, AUTO_INCREMENT=28;

--
-- AUTO_INCREMENT for table `vehicles`
--
ALTER TABLE `vehicles`
  MODIFY `vehicle_id` int NOT NULL AUTO_INCREMENT, AUTO_INCREMENT=24;

--
-- Constraints for dumped tables
--

--
-- Constraints for table `admins`
--
ALTER TABLE `admins`
  ADD CONSTRAINT `admins_ibfk_1` FOREIGN KEY (`admin_id`) REFERENCES `users` (`user_id`) ON DELETE CASCADE;

--
-- Constraints for table `bookings`
--
ALTER TABLE `bookings`
  ADD CONSTRAINT `bookings_ibfk_1` FOREIGN KEY (`user_id`) REFERENCES `users` (`user_id`) ON DELETE CASCADE,
  ADD CONSTRAINT `bookings_ibfk_2` FOREIGN KEY (`tour_id`) REFERENCES `tours` (`tour_id`) ON DELETE SET NULL,
  ADD CONSTRAINT `bookings_ibfk_3` FOREIGN KEY (`vehicle_id`) REFERENCES `vehicles` (`vehicle_id`) ON DELETE SET NULL,
  ADD CONSTRAINT `fk_booking_driver` FOREIGN KEY (`driver_id`) REFERENCES `drivers` (`driver_id`),
  ADD CONSTRAINT `fk_booking_tourguide` FOREIGN KEY (`tour_guide_id`) REFERENCES `users` (`user_id`) ON DELETE SET NULL;

--
-- Constraints for table `customers`
--
ALTER TABLE `customers`
  ADD CONSTRAINT `customers_ibfk_1` FOREIGN KEY (`customer_id`) REFERENCES `users` (`user_id`) ON DELETE CASCADE;

--
-- Constraints for table `drivers`
--
ALTER TABLE `drivers`
  ADD CONSTRAINT `drivers_ibfk_1` FOREIGN KEY (`driver_id`) REFERENCES `users` (`user_id`) ON DELETE CASCADE;

--
-- Constraints for table `employees`
--
ALTER TABLE `employees`
  ADD CONSTRAINT `employees_ibfk_1` FOREIGN KEY (`employee_id`) REFERENCES `users` (`user_id`) ON DELETE CASCADE;

--
-- Constraints for table `itinerary`
--
ALTER TABLE `itinerary`
  ADD CONSTRAINT `itinerary_ibfk_1` FOREIGN KEY (`custrid`) REFERENCES `customer` (`custrid`);

--
-- Constraints for table `payments`
--
ALTER TABLE `payments`
  ADD CONSTRAINT `payments_ibfk_1` FOREIGN KEY (`booking_id`) REFERENCES `bookings` (`booking_id`) ON DELETE CASCADE;

--
-- Constraints for table `ratings`
--
ALTER TABLE `ratings`
  ADD CONSTRAINT `ratings_ibfk_1` FOREIGN KEY (`booking_id`) REFERENCES `bookings` (`booking_id`) ON DELETE CASCADE,
  ADD CONSTRAINT `ratings_ibfk_2` FOREIGN KEY (`customer_id`) REFERENCES `users` (`user_id`) ON DELETE CASCADE,
  ADD CONSTRAINT `ratings_ibfk_3` FOREIGN KEY (`rated_user_id`) REFERENCES `users` (`user_id`) ON DELETE CASCADE;

--
-- Constraints for table `tourguides`
--
ALTER TABLE `tourguides`
  ADD CONSTRAINT `tourguides_ibfk_1` FOREIGN KEY (`tour_guide_id`) REFERENCES `users` (`user_id`) ON DELETE CASCADE;

--
-- Constraints for table `tours`
--
ALTER TABLE `tours`
  ADD CONSTRAINT `tours_ibfk_1` FOREIGN KEY (`tour_guide_id`) REFERENCES `tourguides` (`tour_guide_id`) ON DELETE SET NULL;

--
-- Constraints for table `vehicles`
--
ALTER TABLE `vehicles`
  ADD CONSTRAINT `vehicles_ibfk_1` FOREIGN KEY (`driver_id`) REFERENCES `drivers` (`driver_id`) ON DELETE SET NULL;
COMMIT;

/*!40101 SET CHARACTER_SET_CLIENT=@OLD_CHARACTER_SET_CLIENT */;
/*!40101 SET CHARACTER_SET_RESULTS=@OLD_CHARACTER_SET_RESULTS */;
/*!40101 SET COLLATION_CONNECTION=@OLD_COLLATION_CONNECTION */;
